image,x,y,radius,f0,f1,f2,f3,f4,f5,f6,f7,f8,f9,f10,f11,f12,f13,f14,f15,f16,f17,f18,f19,f20,f21,f22,f23,f24,f25,f26,f27,f28,f29,f30,f31,f32,f33,f34,f35,f36,f37,f38,f39,f40,f41,f42,f43,f44,f45,f46,f47,f48,f49,f50,f51,f52,f53,f54,f55,f56,f57,f58
C:\Users\Noura\Desktop\ASU UNI TORTURE HELL FIRE\Senior 1\Sem 8\CV\Project\Coin-Counting-System\data\raw\001.jpg,413,644,65,65.0,13273.228515625,408.40704345703125,0.9855778217315674,1.0,0.9954914450645447,7.851842880249023,151.4612579345703,85.9244384765625,0.9866698980331421,0.013330121524631977,0.0,0.0,0.0,0.0,0.0,0.0,0.0,0.0,0.0,0.0,0.0,0.0,0.0,0.0,0.0,0.0,0.0,0.0,0.001365132862702012,0.007066570222377777,0.021280013024806976,0.059423431754112244,0.23159077763557434,0.39066892862319946,0.19216252863407135,0.0618324913084507,0.02136031538248062,0.007789287716150284,0.003452983219176531,0.002007548464462161,0.0,0.0,0.00040150966378860176,0.039669156074523926,0.4137958586215973,0.3207259178161621,0.1236649826169014,0.05829920619726181,0.02641933597624302,0.009796836413443089,0.0048181163147091866,0.001365132862702012,0.0006424154853448272,0.0001606038713362068,0.0002409058070043102,0.0,0.12382558733224869,60.20723342895508
C:\Users\Noura\Desktop\ASU UNI TORTURE HELL FIRE\Senior 1\Sem 8\CV\Project\Coin-Counting-System\data\raw\001.jpg,269,508,74,74.0,17203.361328125,464.9557189941406,0.9955558776855469,1.0,0.9997093677520752,9.221907615661621,141.91915893554688,78.58869171142578,0.967859148979187,0.03214087709784508,0.0,0.0,0.0,0.0,0.0,0.0,0.0,0.0,0.0,0.0,0.0,0.0,0.0,0.0,0.0,0.0,0.0,0.0,0.0,0.0009851610520854592,0.017178745940327644,0.13238100707530975,0.4023151397705078,0.3477002680301666,0.08152207732200623,0.013730681501328945,0.0028939105104655027,0.000800443347543478,0.000369435379980132,0.0001231451315106824,0.0,0.0,0.001539314049296081,0.03109414502978325,0.5347577333450317,0.400591105222702,0.027215072885155678,0.003755926387384534,0.0009851610520854592,6.15725657553412e-05,0.0,0.0,0.0,0.0,0.0,0.0,0.022350840270519257,28.956308364868164
C:\Users\Noura\Desktop\ASU UNI TORTURE HELL FIRE\Senior 1\Sem 8\CV\Project\Coin-Counting-System\data\raw\001.jpg,425,478,83,83.0,21642.431640625,521.50439453125,0.9935168623924255,1.0,0.9987030029296875,8.768367767333984,134.06924438476562,131.3065185546875,0.8525712490081787,0.14738017320632935,0.0,0.0,0.0,0.0,0.0,0.0,0.0,0.0,0.0,0.0,0.0,0.0,0.0,4.856018858845346e-05,0.0,0.0,4.856018858845346e-05,0.0012625649105757475,0.01519933994859457,0.0661875382065773,0.18171222507953644,0.22881561517715454,0.189627543091774,0.12562520802021027,0.0812411978840828,0.0466177836060524,0.024620017036795616,0.014713738113641739,0.009274996817111969,0.015053658746182919,0.0,0.0,0.0027679307386279106,0.0311270821839571,0.113096684217453,0.1679697036743164,0.1369882971048355,0.10989171266555786,0.09085611253976822,0.06516777724027634,0.05273636803030968,0.05225076526403427,0.057883746922016144,0.05152236297726631,0.04491817578673363,0.022823289036750793,0.2325061857700348,111.41814422607422
C:\Users\Noura\Desktop\ASU UNI TORTURE HELL FIRE\Senior 1\Sem 8\CV\Project\Coin-Counting-System\data\raw\002.jpg,350,403,71,71.0,15836.7685546875,446.1061706542969,0.9964891672134399,1.0,1.0,12.369723320007324,152.40785217285156,108.24998474121094,0.3582848310470581,0.636497437953949,0.004281222820281982,0.00046825874596834183,0.0002675764262676239,0.0,0.00013378821313381195,6.689410656690598e-05,0.0,0.0,0.0,0.0,0.0,0.0,0.0,0.0,0.002541976049542427,0.003077128902077675,0.0040136463940143585,0.0039467522874474525,0.0039467522874474525,0.007692822255194187,0.017593150958418846,0.041474346071481705,0.18342363834381104,0.38444042205810547,0.23506589233875275,0.07398488372564316,0.023078467696905136,0.009164492599666119,0.0044819051399827,0.0020737173035740852,0.0,0.0,0.00013378821313381195,0.0007358351722359657,0.02194126695394516,0.1497759073972702,0.4640444219112396,0.2775436341762543,0.05886681377887726,0.016857314854860306,0.007291457615792751,0.0019399290904402733,0.0005351528525352478,0.0003344705328345299,0.0,0.0,0.13459093868732452,62.49384307861328
C:\Users\Noura\Desktop\ASU UNI TORTURE HELL FIRE\Senior 1\Sem 8\CV\Project\Coin-Counting-System\data\raw\003.jpg,326,394,67,67.0,14102.609375,420.9734191894531,0.9924416542053223,1.0,0.997867226600647,7.093724250793457,137.5756072998047,101.39237213134766,0.9983425140380859,0.0016575001645833254,0.0,0.0,0.0,0.0,0.0,0.0,0.0,0.0,0.0,0.0,0.0,0.0,0.0,0.0,0.0,0.0,0.0,0.0,0.0,0.004068409558385611,0.04934830218553543,0.21306411921977997,0.3985534608364105,0.24304980039596558,0.0751902386546135,0.012581933289766312,0.002561591099947691,0.0011301137274131179,0.00030136367422528565,0.00015068183711264282,0.0,0.0,0.00045204549678601325,0.003164318623021245,0.021095456555485725,0.3074662983417511,0.4829352796077728,0.1411135345697403,0.03691704943776131,0.006102614104747772,0.00045204549678601325,0.00030136367422528565,0.0,0.0,0.0,0.0,0.05725909769535065,35.54542922973633
C:\Users\Noura\Desktop\ASU UNI TORTURE HELL FIRE\Senior 1\Sem 8\CV\Project\Coin-Counting-System\data\raw\004.jpg,403,574,71,71.0,15836.7685546875,446.1061706542969,0.9964891672134399,1.0,1.0,10.74707317352295,138.61195373535156,170.42417907714844,0.6271991729736328,0.3728008568286896,0.0,0.0,0.0,0.0,0.0,0.0,0.0,0.0,0.0,0.0,0.0,0.0,0.0,0.0,0.0,0.0,0.0,0.0,0.0,0.003077128902077675,0.05826476588845253,0.2169375866651535,0.3737373650074005,0.2236270010471344,0.08040671795606613,0.027761055156588554,0.010903739370405674,0.0037460699677467346,0.0012040939182043076,0.0003344705328345299,0.0,0.0,0.0,0.00013378821313381195,0.00548531673848629,0.03625660762190819,0.0724463164806366,0.08856780081987381,0.11606127768754959,0.1111111119389534,0.0988025963306427,0.10475616902112961,0.11325172334909439,0.10769951343536377,0.08783195912837982,0.05759582668542862,0.27058666944503784,88.0371322631836
C:\Users\Noura\Desktop\ASU UNI TORTURE HELL FIRE\Senior 1\Sem 8\CV\Project\Coin-Counting-System\data\raw\005.jpg,355,506,67,67.0,14102.609375,420.9734191894531,0.9924416542053223,1.0,0.997867226600647,11.743163108825684,158.6471710205078,100.67957305908203,0.4309500455856323,0.5690499544143677,0.0,0.0,0.0,0.0,0.0,0.0,0.0,0.0,0.0,0.0,0.0,0.0,0.0,0.0,0.0,0.0,0.0,0.0,0.0012054546969011426,0.0037670459132641554,0.007609432563185692,0.023054320365190506,0.13779853284358978,0.3813003897666931,0.3052060604095459,0.09003239870071411,0.028478866443037987,0.01167784258723259,0.00497250072658062,0.0048971595242619514,0.0,0.0,0.0,0.0053492053411901,0.046410005539655685,0.31394559144973755,0.46538084745407104,0.13275068998336792,0.018533864989876747,0.007157387211918831,0.0037670459132641554,0.002561591099947691,0.001431477488949895,0.0012807955499738455,0.0008287500822916627,0.0006027273484505713,0.09658705443143845,65.22299194335938
C:\Users\Noura\Desktop\ASU UNI TORTURE HELL FIRE\Senior 1\Sem 8\CV\Project\Coin-Counting-System\data\raw\006.jpg,379,470,70,70.0,15393.8037109375,439.8229675292969,0.9938111305236816,1.0,0.9980453252792358,10.989175796508789,155.2449493408203,102.5862808227539,0.6092382073402405,0.3876594305038452,0.0031023784540593624,0.0,0.0,0.0,0.0,0.0,0.0,0.0,0.0,0.0,0.0,0.0,0.0,0.0,0.0,0.0,0.0,0.0,0.0006204756791703403,0.011926922015845776,0.04329541698098183,0.08679765462875366,0.2051706314086914,0.2520510256290436,0.18841779232025146,0.11161668598651886,0.05315408483147621,0.02557738684117794,0.01185797993093729,0.009513961151242256,0.0,0.0,0.0001378834858769551,0.008410892449319363,0.09624267369508743,0.31285762786865234,0.3284384608268738,0.12595656514167786,0.06735608726739883,0.041296105831861496,0.014615649357438087,0.0035849707201123238,0.0008962426800280809,0.00020682523609139025,0.0,0.0,0.20861771702766418,71.02593994140625
C:\Users\Noura\Desktop\ASU UNI TORTURE HELL FIRE\Senior 1\Sem 8\CV\Project\Coin-Counting-System\data\raw\007.jpg,288,475,71,71.0,15836.7685546875,446.1061706542969,0.9964891672134399,1.0,1.0,7.253528594970703,130.17051696777344,89.3676528930664,0.99565190076828,0.002541976049542427,0.0,0.0,0.0,0.0,0.0,0.0,0.0,0.0,0.0,0.0,0.0,0.0,0.0,0.0018061408773064613,0.0,0.0,0.0,0.00020068231970071793,0.006555622443556786,0.04187571257352829,0.1695096641778946,0.2887149751186371,0.2468392550945282,0.13626329600811005,0.0590674951672554,0.02802863158285618,0.012509197928011417,0.005284634418785572,0.002675764262676239,0.002475081942975521,0.0,0.0,0.002140611410140991,0.1244899332523346,0.3473810851573944,0.18837380409240723,0.13338685035705566,0.09605994075536728,0.06475349515676498,0.02816241979598999,0.010502374731004238,0.002742658369243145,0.0010703057050704956,0.0006689410656690598,0.00020068231970071793,6.689410656690598e-05,0.18630008399486542,78.10282135009766
C:\Users\Noura\Desktop\ASU UNI TORTURE HELL FIRE\Senior 1\Sem 8\CV\Project\Coin-Counting-System\data\raw\007.jpg,450,485,78,78.0,19113.44921875,490.08843994140625,0.9947661757469177,1.0,0.9987941980361938,20.308414459228516,122.9979019165039,135.5487518310547,0.0007724137976765633,0.7751172184944153,0.22411035001277924,0.0,0.0,0.0,0.0,0.0,0.0,0.0,0.0,0.0,0.0,0.0,0.0,0.0,0.00011034483031835407,0.0019862069748342037,0.0035310345701873302,0.0025379310827702284,0.0039724139496684074,0.0865655168890953,0.2622896432876587,0.26620689034461975,0.1964138001203537,0.09517241269350052,0.041600000113248825,0.020358620211482048,0.009600000455975533,0.004579310305416584,0.0021517241839319468,0.00292413798160851,0.0,0.0,0.00022068966063670814,0.002758620772510767,0.020800000056624413,0.10311724245548248,0.15817931294441223,0.1465379297733307,0.1443862020969391,0.1513931006193161,0.1452137976884842,0.09114482998847961,0.02797241322696209,0.0045241378247737885,0.0024275861214846373,0.001324137905612588,0.24910344183444977,91.37380981445312
C:\Users\Noura\Desktop\ASU UNI TORTURE HELL FIRE\Senior 1\Sem 8\CV\Project\Coin-Counting-System\data\raw\007.jpg,293,631,80,80.0,20106.193359375,502.6548156738281,0.9954766035079956,1.0,0.999029815196991,12.217279434204102,155.82762145996094,76.66455841064453,0.5020670890808105,0.4918624758720398,0.004762154072523117,0.0,0.0,0.0,0.0,0.0,0.0,0.0,0.0,0.0,0.0,0.0,0.0,0.0013082840014249086,0.0,0.0,0.0005756450118497014,0.004814485553652048,0.018263645470142365,0.04338270053267479,0.06070438027381897,0.08200324326753616,0.10298812389373779,0.16437280178070068,0.24815532565116882,0.16562876105308533,0.05353498458862305,0.02344444952905178,0.0126641895622015,0.019467266276478767,0.00010466272215126082,0.008006698451936245,0.09011460840702057,0.19414936006069183,0.3584698438644409,0.19917316734790802,0.06766445189714432,0.03228845074772835,0.017426343634724617,0.00931498222053051,0.008059029467403889,0.00575644988566637,0.004657491110265255,0.002354911295697093,0.0019362603779882193,0.0005233136471360922,0.17829294502735138,113.65980529785156
C:\Users\Noura\Desktop\ASU UNI TORTURE HELL FIRE\Senior 1\Sem 8\CV\Project\Coin-Counting-System\data\raw\008.jpg,374,565,86,86.0,23235.21875,540.3539428710938,0.9957901835441589,1.0,0.9997842311859131,9.124746322631836,135.912841796875,103.33063507080078,0.9912799596786499,0.008629648014903069,0.0,0.0,0.0,0.0,0.0,0.0,0.0,0.0,0.0,0.0,0.0,0.0,0.0,9.036280971486121e-05,0.0,0.0,0.0,0.0020783445797860622,0.013418876565992832,0.011882709339261055,0.01631048694252968,0.12429404258728027,0.5694664120674133,0.2481362670660019,0.014141779392957687,0.0002710884145926684,0.0,0.0,0.0,0.0,0.0,0.0,0.0,9.036280971486121e-05,0.018388831987977028,0.27352821826934814,0.44874170422554016,0.2204400599002838,0.03162698075175285,0.006189852487295866,0.0009939909214153886,0.0,0.0,0.0,0.0,0.0,0.0664166659116745,28.208641052246094
C:\Users\Noura\Desktop\ASU UNI TORTURE HELL FIRE\Senior 1\Sem 8\CV\Project\Coin-Counting-System\data\raw\009.jpg,377,602,89,89.0,24884.5546875,559.2034912109375,0.9952206015586853,1.0,0.9987525939941406,10.387984275817871,137.779541015625,82.72169494628906,0.7956161499023438,0.20425765216350555,0.0,0.0,0.0,0.0,0.0,0.0,0.0,0.0,0.0,0.0,0.0,0.0,0.0,0.0001262148143723607,0.0,0.0,0.0017670074012130499,0.0038285162299871445,0.004459590185433626,0.005974167957901955,0.019857797771692276,0.12057722359895706,0.5093188881874084,0.3049350082874298,0.028566621243953705,0.0006731456960551441,4.2071606003446504e-05,0.0,0.0,0.0,0.0,0.0,0.0,0.004038874059915543,0.39336952567100525,0.5282090306282043,0.06171904504299164,0.009970970451831818,0.0023980815894901752,0.00029450125293806195,0.0,0.0,0.0,0.0,0.0,0.0,0.035213932394981384,28.754079818725586
C:\Users\Noura\Desktop\ASU UNI TORTURE HELL FIRE\Senior 1\Sem 8\CV\Project\Coin-Counting-System\data\raw\010.jpg,374,580,70,70.0,15393.8037109375,439.8229675292969,0.9938111305236816,1.0,0.9980453252792358,22.11809730529785,132.51568603515625,160.1172637939453,0.0,0.6248190402984619,0.3751809597015381,0.0,0.0,0.0,0.0,0.0,0.0,0.0,0.0,0.0,0.0,0.0,0.0,0.0,0.0,0.0,0.0,0.0,6.894174293847755e-05,0.004274388309568167,0.09624267369508743,0.3643571138381958,0.3352636992931366,0.11127197742462158,0.043640125542879105,0.020544638857245445,0.009927610866725445,0.00682523287832737,0.003171320306137204,0.004412271548062563,0.0,0.0,0.0,0.000827300944365561,0.008204067125916481,0.02309548482298851,0.05811788886785507,0.12630127370357513,0.15091347694396973,0.14670802652835846,0.12402619421482086,0.11492589116096497,0.12044122815132141,0.09314029663801193,0.030334368348121643,0.0029644949827343225,0.23026542365550995,76.12870025634766
C:\Users\Noura\Desktop\ASU UNI TORTURE HELL FIRE\Senior 1\Sem 8\CV\Project\Coin-Counting-System\data\raw\011.jpg,660,319,55,55.0,9503.3173828125,345.5751953125,0.9879681468009949,1.0,0.996643602848053,83.40231323242188,64.68634033203125,170.7926025390625,0.08196163177490234,0.021795891225337982,0.007719377987086773,0.011124986223876476,0.007378817070275545,0.011465546675026417,0.04029969498515129,0.6121012568473816,0.08071290701627731,0.01441707368940115,0.01396299246698618,0.008968100883066654,0.01033034361898899,0.011919627897441387,0.021114768460392952,0.044726982712745667,0.18492451310157776,0.16800999641418457,0.10693608969449997,0.08627539873123169,0.070836640894413,0.075377456843853,0.08616188168525696,0.0765126571059227,0.08899988979101181,0.053468044847249985,0.0024974457919597626,0.0,0.0,0.0,0.0,0.0,0.0,0.0,0.0,0.0,0.0,0.00011352026194799691,0.0,0.016233397647738457,0.08309683203697205,0.19888749718666077,0.22034282982349396,0.3268248438835144,0.15438756346702576,0.00011352026194799691,0.0,0.0,0.08389147371053696,39.93424987792969
C:\Users\Noura\Desktop\ASU UNI TORTURE HELL FIRE\Senior 1\Sem 8\CV\Project\Coin-Counting-System\data\raw\011.jpg,240,658,60,60.0,11309.7333984375,376.9911193847656,0.9855995774269104,1.0,0.9945776462554932,110.79672241210938,71.53273010253906,166.0662078857422,0.01591361127793789,0.001326134311966598,0.000663067155983299,9.472388046560809e-05,0.0005683432682417333,0.00018944776093121618,0.0012314104242250323,0.02121814899146557,0.5470303893089294,0.11167945712804794,0.044899120926856995,0.04243629798293114,0.03883679211139679,0.03372170031070709,0.05332954600453377,0.08686179667711258,0.08951406925916672,0.2658899426460266,0.14047551155090332,0.07805247604846954,0.06024438887834549,0.04698304459452629,0.04830917716026306,0.04840390384197235,0.05882352963089943,0.056644879281520844,0.048688072711229324,0.042057402431964874,0.014398030005395412,0.0015155820874497294,0.0,0.0,0.0,0.0,0.0,0.0,0.0,0.0,9.472388046560809e-05,0.006251776125282049,0.09794449061155319,0.2771620750427246,0.2773515284061432,0.28672918677330017,0.05209813266992569,0.002368096960708499,0.0,0.0,0.21218149363994598,59.81474685668945
C:\Users\Noura\Desktop\ASU UNI TORTURE HELL FIRE\Senior 1\Sem 8\CV\Project\Coin-Counting-System\data\raw\011.jpg,362,643,60,60.0,11309.7333984375,376.9911193847656,0.9849547147750854,1.0,0.9943572282791138,103.71990203857422,88.82343292236328,172.73069763183594,0.004262574482709169,0.0011366865364834666,0.00047361940960399806,0.0005683432682417333,0.00018944776093121618,0.00037889552186243236,0.0008525149314664304,0.025954343378543854,0.6871270537376404,0.0897035151720047,0.03249029070138931,0.0336269773542881,0.03608979657292366,0.041110165417194366,0.03599507361650467,0.01004073116928339,0.08553566038608551,0.16652457416057587,0.07966278493404388,0.06649616360664368,0.0642227903008461,0.06261248141527176,0.06564364582300186,0.07473713904619217,0.0928293988108635,0.11679454147815704,0.09358718991279602,0.029080230742692947,0.0022733730729669333,0.0,0.0,0.0,0.0,0.0,0.0,0.0,0.00047361940960399806,0.001989201409742236,0.0017997537506744266,0.002652268623933196,0.03173249959945679,0.2302737534046173,0.279624879360199,0.2719522714614868,0.16434593498706818,0.015155821107327938,0.0,0.0,0.2089608758687973,69.160400390625
C:\Users\Noura\Desktop\ASU UNI TORTURE HELL FIRE\Senior 1\Sem 8\CV\Project\Coin-Counting-System\data\raw\011.jpg,96,715,71,71.0,15836.7685546875,446.1061706542969,0.9964891672134399,1.0,1.0,98.12622833251953,95.62458801269531,151.8480224609375,0.00040136463940143585,6.689410656690598e-05,6.689410656690598e-05,0.0,6.689410656690598e-05,0.00013378821313381195,0.0003344705328345299,0.03752759471535683,0.788347065448761,0.08582513779401779,0.025152184069156647,0.02194126695394516,0.018128303810954094,0.013311927206814289,0.006288046017289162,0.002408187836408615,0.03853100538253784,0.12141280621290207,0.09238076210021973,0.07960398495197296,0.07659374922513962,0.08294869214296341,0.08234664797782898,0.08528998494148254,0.08803264796733856,0.11398755759000778,0.10589337348937988,0.02822931297123432,0.004749481566250324,0.0,0.0,0.0,0.0,0.0,0.0,0.0,0.0,0.0,0.0033447053283452988,0.06181015446782112,0.2731286287307739,0.3346712291240692,0.2197471410036087,0.10468927770853043,0.002608870156109333,0.0,0.0,0.0,0.1982741355895996,50.675132751464844
C:\Users\Noura\Desktop\ASU UNI TORTURE HELL FIRE\Senior 1\Sem 8\CV\Project\Coin-Counting-System\data\raw\011.jpg,259,443,78,78.0,19113.44921875,490.08843994140625,0.9947661757469177,1.0,0.9987941980361938,12.186041831970215,133.78781127929688,131.32330322265625,0.20082758367061615,0.7991724014282227,0.0,0.0,0.0,0.0,0.0,0.0,0.0,0.0,0.0,0.0,0.0,0.0,0.0,0.0,0.0,0.0,5.5172415159177035e-05,0.00022068966063670814,0.002648275811225176,0.012468965724110603,0.050151724368333817,0.23751723766326904,0.506041407585144,0.1361103504896164,0.03266206756234169,0.013296552002429962,0.005958620458841324,0.0022620689123868942,0.0005517241661436856,5.5172415159177035e-05,0.0,0.0,0.0,0.0001655172382015735,0.004248275887221098,0.058262068778276443,0.13765516877174377,0.15652413666248322,0.3549793064594269,0.24016551673412323,0.033986207097768784,0.007337931077927351,0.0033103448804467916,0.002096551703289151,0.000662068952806294,0.0006068965303711593,0.17406897246837616,62.782081604003906
C:\Users\Noura\Desktop\ASU UNI TORTURE HELL FIRE\Senior 1\Sem 8\CV\Project\Coin-Counting-System\data\raw\011.jpg,101,266,79,79.0,19606.6796875,496.37164306640625,0.997004508972168,1.0,0.9998977780342102,97.06089782714844,66.5071792602539,165.28514099121094,0.07153990864753723,0.014780973084270954,0.005374899134039879,0.0032786885276436806,0.003601182484999299,0.0037086803931742907,0.023757055401802063,0.4203171133995056,0.22687450051307678,0.010588551871478558,0.0064498791471123695,0.00462241331115365,0.005374899134039879,0.004891158081591129,0.026820747181773186,0.1680193543434143,0.1874764859676361,0.20521365106105804,0.07492609322071075,0.0661650076508522,0.060467615723609924,0.07051867991685867,0.08196721225976944,0.09072829782962799,0.08013974875211716,0.053480248898267746,0.019564632326364517,0.008546089753508568,0.0008062348933890462,0.0,0.0,0.0,0.0,0.0,0.0,0.0,0.0,0.0,0.00010749798093456775,0.006557377055287361,0.09115829318761826,0.3028218150138855,0.2593388855457306,0.31792527437210083,0.022090835496783257,0.0,0.0,0.0,0.1518409103155136,48.24161148071289
C:\Users\Noura\Desktop\ASU UNI TORTURE HELL FIRE\Senior 1\Sem 8\CV\Project\Coin-Counting-System\data\raw\011.jpg,634,773,94,94.0,27759.11328125,590.6194458007812,0.9900404214859009,0.9523809552192688,1.0,88.86542510986328,118.19692993164062,165.25735473632812,0.039361659437417984,0.0023855550680309534,0.0006169538828544319,0.0006992144044488668,0.0005758236511610448,0.0003701723471749574,0.0007403446943499148,0.18311192095279694,0.74326491355896,0.005593715235590935,0.0024678155314177275,0.0011927775340154767,0.0013984288088977337,0.0015629498520866036,0.0031258997041732073,0.013531855307519436,0.020318347960710526,0.0273516234010458,0.029901698231697083,0.03993748128414154,0.047423187643289566,0.06251799315214157,0.08999300748109818,0.12803849577903748,0.2681692838668823,0.2363756000995636,0.04820466414093971,0.0017686011269688606,0.0,0.0,0.0,0.0,0.0,0.0,0.0,0.0,0.00020565130398608744,8.226052159443498e-05,0.0009459959692321718,0.0035372022539377213,0.02879118174314499,0.3234894871711731,0.4417389929294586,0.14798668026924133,0.04943857342004776,0.0037428536452353,4.113026079721749e-05,0.0,0.1452309489250183,46.55682373046875
C:\Users\Noura\Desktop\ASU UNI TORTURE HELL FIRE\Senior 1\Sem 8\CV\Project\Coin-Counting-System\data\raw\011.jpg,382,317,102,102.0,32685.130859375,640.8848876953125,0.9975022673606873,1.0,0.999602198600769,97.73017883300781,80.23363494873047,173.54087829589844,0.04141069948673248,0.007034407928586006,0.0007320877048186958,0.00117770629003644,0.0011458764784038067,0.0005729382392019033,0.0056338924914598465,0.28981125354766846,0.4505840837955475,0.029347168281674385,0.0131457494571805,0.013655027374625206,0.013464048504829407,0.017474615946412086,0.0658242329955101,0.04898621886968613,0.12611006200313568,0.15482063591480255,0.08323518931865692,0.07285864651203156,0.07298596203327179,0.07298596203327179,0.08364897966384888,0.08625902980566025,0.09555336087942123,0.07550052553415298,0.0432250052690506,0.028519591316580772,0.0036286087706685066,0.0005411083111539483,6.365980516420677e-05,6.365980516420677e-05,3.1829902582103387e-05,9.548970410833135e-05,0.00012731961032841355,0.0002546392206568271,9.548970410833135e-05,0.0008912372286431491,0.001686984789557755,0.002514562103897333,0.037559282034635544,0.17808829247951508,0.32488781213760376,0.26075056195259094,0.18053920567035675,0.012095361948013306,0.0003819588164333254,0.0,0.17592386901378632,60.36995315551758
C:\Users\Noura\Desktop\ASU UNI TORTURE HELL FIRE\Senior 1\Sem 8\CV\Project\Coin-Counting-System\data\raw\011.jpg,386,142,107,107.0,35968.09375,672.3008422851562,0.9984176158905029,1.0,1.0,90.11016082763672,103.45932006835938,169.19900512695312,0.005054735578596592,0.0006354524521157146,0.0005487998714670539,0.0004043788358103484,0.0004043788358103484,0.0005487998714670539,0.009676207788288593,0.7519424557685852,0.16637301445007324,0.008982987143099308,0.004939198959618807,0.0043037463910877705,0.004188209306448698,0.004910314455628395,0.008549723774194717,0.02853759191930294,0.0681089535355568,0.07541665434837341,0.05043181777000427,0.05563097447156906,0.058230552822351456,0.06738684326410294,0.07943155616521835,0.0957222506403923,0.1633690595626831,0.2332688271999359,0.05239594355225563,0.0006065682391636074,0.0,0.0,0.0,0.0,0.0,0.0,0.0,0.0,0.0,0.0,0.0,0.0,0.003928251564502716,0.2424251139163971,0.437797874212265,0.27720171213150024,0.03861818090081215,2.8884203857160173e-05,0.0,0.0,0.10612056404352188,32.54642868041992
C:\Users\Noura\Desktop\ASU UNI TORTURE HELL FIRE\Senior 1\Sem 8\CV\Project\Coin-Counting-System\data\raw\011.jpg,67,566,156,156.0,76453.796875,980.1768798828125,0.8869746923446655,0.7156549692153931,1.0,95.04925537109375,154.9751739501953,152.61595153808594,0.00010724722960731015,0.0,2.6811807401827537e-05,0.0,0.0,2.6811807401827537e-05,0.00013405903882812709,0.07231144607067108,0.8759685754776001,0.026329195126891136,0.007909483276307583,0.005764538887888193,0.0050674318335950375,0.0034587231930345297,0.0025471218395978212,0.0003485534980427474,0.009062390774488449,0.02954661287367344,0.022334236651659012,0.023299461230635643,0.02871544659137726,0.034506797790527344,0.04319382086396217,0.056358419358730316,0.07888033986091614,0.10815883427858353,0.16191650927066803,0.18529640138149261,0.1008123978972435,0.035659704357385635,0.04008365422487259,0.04217497259378433,0.0,0.0,0.0,0.0002144944592146203,0.0005898597883060575,0.0007507306290790439,0.002413062611594796,0.04410542547702789,0.27685871720314026,0.36785799264907837,0.1866369992494583,0.09939137101173401,0.02035016193985939,0.0008311660494655371,0.0,0.0,0.16910207271575928,58.865516662597656
C:\Users\Noura\Desktop\ASU UNI TORTURE HELL FIRE\Senior 1\Sem 8\CV\Project\Coin-Counting-System\data\raw\011.jpg,514,509,200,200.0,125663.703125,1256.6370849609375,0.9981850385665894,1.0,1.0,83.8448715209961,87.55196380615234,168.21568298339844,0.1447519063949585,0.01418929360806942,0.0029320749454200268,0.0027046564500778913,0.002907708752900362,0.003898603841662407,0.011013555340468884,0.23984535038471222,0.446097731590271,0.02612064592540264,0.009746509604156017,0.011370928026735783,0.010542474687099457,0.011427782475948334,0.021669739857316017,0.04078102111816406,0.0665442943572998,0.0882546454668045,0.07037792354822159,0.10929898172616959,0.083771251142025,0.0966934934258461,0.12594114243984222,0.13270685076713562,0.1311880201101303,0.06732401251792908,0.023221058771014214,0.004150388762354851,0.00039798248326405883,8.934300421969965e-05,8.122091458062641e-06,3.2488365832250565e-05,2.4366274374187924e-05,0.0001624418218852952,0.000592912663705647,0.0018274704925715923,0.0043778070248663425,0.007001242600381374,0.013913142494857311,0.022059600800275803,0.04382680356502533,0.17594073712825775,0.37802648544311523,0.214593768119812,0.11673881858587265,0.019517384469509125,0.0009584067738614976,0.0004385929205454886,0.1823490709066391,61.57597732543945
C:\Users\Noura\Desktop\ASU UNI TORTURE HELL FIRE\Senior 1\Sem 8\CV\Project\Coin-Counting-System\data\raw\012.jpg,461,610,71,71.0,15836.7685546875,446.1061706542969,0.9964891672134399,1.0,1.0,4.922603607177734,106.00983428955078,169.6995086669922,0.9986621141433716,0.0003344705328345299,0.0,0.0,0.0,0.0,0.0,0.0,0.0,0.0,0.0,0.0,0.0,0.0,0.0,0.0010034115985035896,6.689410656690598e-05,0.0012040939182043076,0.012776774354279041,0.06087363883852959,0.09238076210021973,0.13719981908798218,0.22663722932338715,0.27580440044403076,0.14516021311283112,0.040136463940143585,0.005886681377887726,0.0014047762379050255,0.0003344705328345299,0.00013378821313381195,0.0,0.0,0.0,0.0,0.0,0.0,0.0009365174919366837,0.022877784445881844,0.04542109742760658,0.10716436058282852,0.1536557674407959,0.14582915604114532,0.11191383749246597,0.09860191494226456,0.08736370503902435,0.06696099787950516,0.07150980085134506,0.08776506781578064,0.2556023895740509,107.26806640625
C:\Users\Noura\Desktop\ASU UNI TORTURE HELL FIRE\Senior 1\Sem 8\CV\Project\Coin-Counting-System\data\raw\012.jpg,227,480,83,83.0,21642.431640625,521.50439453125,0.9935168623924255,1.0,0.9987030029296875,17.690088272094727,112.50055694580078,110.86660766601562,0.0005827223067171872,0.9992715716362,0.0001456805766792968,0.0,0.0,0.0,0.0,0.0,0.0,0.0,0.0,0.0,0.0,0.0,0.0,0.0,0.0,0.0,0.0,0.0018452872755005956,0.03438061475753784,0.11746709793806076,0.3134074807167053,0.3615306317806244,0.1328606754541397,0.030738599598407745,0.005730102304369211,0.001505365944467485,0.0002913611533585936,0.0001456805766792968,4.856018858845346e-05,4.856018858845346e-05,0.0,0.0,0.0,0.0004856018931604922,0.021657845005393028,0.26057398319244385,0.3289952874183655,0.2018161565065384,0.08993346989154816,0.04754042625427246,0.025105617940425873,0.013596853241324425,0.006118583958595991,0.0025736901443451643,0.0012625649105757475,0.0003399213310331106,0.2055552899837494,85.87226867675781
C:\Users\Noura\Desktop\ASU UNI TORTURE HELL FIRE\Senior 1\Sem 8\CV\Project\Coin-Counting-System\data\raw\014.jpg,377,515,84,84.0,22167.078125,527.7875366210938,0.9947807788848877,1.0,0.9985546469688416,20.914127349853516,129.4546661376953,129.66139221191406,0.0029856404289603233,0.696649432182312,0.3003649115562439,0.0,0.0,0.0,0.0,0.0,0.0,0.0,0.0,0.0,0.0,0.0,0.0,0.0,0.0,0.0001895644818432629,0.00028434672276489437,0.0006634756573475897,0.006682147737592459,0.0276764128357172,0.1441163867712021,0.3353395462036133,0.29955926537513733,0.10767262428998947,0.03653855249285698,0.016681673005223274,0.010426046326756477,0.0051656318828463554,0.0031278138048946857,0.0058764987625181675,0.0,0.0,0.0005686934455297887,0.005923890043050051,0.09217572957277298,0.1666271686553955,0.14947159588336945,0.139140322804451,0.11018434911966324,0.08047012239694595,0.07175015658140182,0.07075493782758713,0.05487891659140587,0.03644376993179321,0.01634993590414524,0.005260413978248835,0.22164826095104218,96.50439453125
C:\Users\Noura\Desktop\ASU UNI TORTURE HELL FIRE\Senior 1\Sem 8\CV\Project\Coin-Counting-System\data\raw\015.jpg,365,492,66,66.0,13684.77734375,414.6902160644531,0.9914119243621826,1.0,0.997951090335846,3.9572861194610596,181.10845947265625,117.52298736572266,0.9938535690307617,0.0022562826052308083,0.0,0.0,0.0,0.0,0.0,0.0,0.0,0.0,0.0,0.0,0.0,0.0,0.0,0.003890142310410738,0.0,0.0,0.00031121139181777835,0.0007002256461419165,0.0015560569008812308,0.0035789310932159424,0.013693301007151604,0.03851240873336792,0.07165642082691193,0.11203610152006149,0.16774293780326843,0.19925309717655182,0.17583443224430084,0.13413210213184357,0.05485100671648979,0.026141757145524025,0.0,0.0,7.780284795444459e-05,0.0045125652104616165,0.09818719327449799,0.24461215734481812,0.16836535930633545,0.13413210213184357,0.10791254788637161,0.09188516438007355,0.08075935393571854,0.04473663866519928,0.02131797932088375,0.003267719643190503,0.00023340854386333376,0.0,0.12036100775003433,66.31971740722656
C:\Users\Noura\Desktop\ASU UNI TORTURE HELL FIRE\Senior 1\Sem 8\CV\Project\Coin-Counting-System\data\raw\016.jpg,254,504,74,74.0,17203.361328125,464.9557189941406,0.9955558776855469,1.0,0.9997093677520752,10.006095886230469,140.66455078125,99.87882232666016,0.9543747305870056,0.04550212249159813,0.0,0.0,0.0,0.0,0.0,0.0,0.0,0.0,0.0,0.0,0.0,0.0,0.0,0.0001231451315106824,0.0,0.0,0.0,0.000738870759960264,0.003755926387384534,0.011637214571237564,0.039098579436540604,0.1224062591791153,0.405763179063797,0.30490732192993164,0.08540114760398865,0.02056523598730564,0.004371651913970709,0.0010467335814610124,0.0002462902630213648,6.15725657553412e-05,0.0,0.0,0.0,0.0005541530554182827,0.048580750823020935,0.4207253158092499,0.3694969415664673,0.09051166474819183,0.03232559561729431,0.019703220576047897,0.010959915816783905,0.004494796972721815,0.0009235884645022452,0.0009851610520854592,0.0003078628215007484,0.00043100793845951557,0.1471584290266037,72.71076965332031
C:\Users\Noura\Desktop\ASU UNI TORTURE HELL FIRE\Senior 1\Sem 8\CV\Project\Coin-Counting-System\data\raw\016.jpg,454,529,85,85.0,22698.0078125,534.0707397460938,0.9964677095413208,1.0,0.9996472597122192,9.282675743103027,138.45152282714844,86.87590789794922,0.9794719815254211,0.020389292389154434,0.0,0.0,0.0,0.0,0.0,0.0,0.0,0.0,0.0,0.0,0.0,0.0,0.0,0.00013870267139282078,0.0,0.0,0.0,0.0004161079996265471,0.003097692970186472,0.010448934510350227,0.03735725209116936,0.13398677110671997,0.43131905794143677,0.3400064706802368,0.03943779319524765,0.0038374403957277536,9.246844274457544e-05,0.0,0.0,0.0,0.0,0.0,0.0,0.004392251372337341,0.2598363161087036,0.5534698963165283,0.1530815064907074,0.02505894936621189,0.0034213324543088675,0.0006010449142195284,0.00013870267139282078,0.0,0.0,0.0,0.0,0.0,0.09917240589857101,35.632171630859375
C:\Users\Noura\Desktop\ASU UNI TORTURE HELL FIRE\Senior 1\Sem 8\CV\Project\Coin-Counting-System\data\raw\017.jpg,156,457,72,72.0,16286.0166015625,452.38934326171875,0.9925456643104553,1.0,0.9979408979415894,14.028491973876953,184.5440673828125,107.84114837646484,0.0013660313561558723,0.9986339807510376,0.0,0.0,0.0,0.0,0.0,0.0,0.0,0.0,0.0,0.0,0.0,0.0,0.0,0.0,0.0,0.0,0.0,0.0,0.0,6.504911289084703e-05,0.0042281923815608025,0.013270018622279167,0.02354777790606022,0.03694789484143257,0.13237494230270386,0.4310804605484009,0.3111949563026428,0.04169648140668869,0.0048136343248188496,0.0007805893546901643,0.0,0.0,0.0009757367079146206,0.00702530425041914,0.013660313561558723,0.1686723530292511,0.49834126234054565,0.2272816002368927,0.04124113544821739,0.017303064465522766,0.01047290675342083,0.007935991510748863,0.0048136343248188496,0.0015611787093803287,0.0007155402563512325,0.0,0.14408378303050995,68.89104461669922
C:\Users\Noura\Desktop\ASU UNI TORTURE HELL FIRE\Senior 1\Sem 8\CV\Project\Coin-Counting-System\data\raw\017.jpg,349,718,79,79.0,19606.6796875,496.37164306640625,0.997004508972168,1.0,0.9998977780342102,7.8081159591674805,180.7948455810547,63.84305191040039,0.9935501217842102,0.0064498791471123695,0.0,0.0,0.0,0.0,0.0,0.0,0.0,0.0,0.0,0.0,0.0,0.0,0.0,0.0,0.0,0.0,0.0,0.0,0.0,0.0041924212127923965,0.01306100469082594,0.01913464069366455,0.03262563794851303,0.058855146169662476,0.19166891276836395,0.370921790599823,0.23493684828281403,0.05681268498301506,0.014565977267920971,0.0032249395735561848,0.0,0.001236226875334978,0.2925020158290863,0.32663261890411377,0.18065036833286285,0.1063155084848404,0.033163126558065414,0.02010212279856205,0.013759741559624672,0.011824778281152248,0.006396130193024874,0.003439935389906168,0.0017737167654559016,0.0009137328597716987,0.0004837409360334277,0.0008062348933890462,0.14737974107265472,81.56852722167969
C:\Users\Noura\Desktop\ASU UNI TORTURE HELL FIRE\Senior 1\Sem 8\CV\Project\Coin-Counting-System\data\raw\017.jpg,486,479,86,86.0,23235.21875,540.3539428710938,0.9957327842712402,1.0,0.9997842311859131,12.170830726623535,135.34829711914062,129.22523498535156,0.39348483085632324,0.6064248085021973,9.036280971486121e-05,0.0,0.0,0.0,0.0,0.0,0.0,0.0,0.0,0.0,0.0,0.0,0.0,0.0,0.0,0.0,4.518140485743061e-05,0.0006325396243482828,0.006280214991420507,0.016852663829922676,0.04658202826976776,0.2749740183353424,0.28193196654319763,0.32074278593063354,0.04382596164941788,0.0067320289090275764,0.00131026073358953,9.036280971486121e-05,0.0,0.0,0.0,0.0,0.0,0.00040663263644091785,0.007454931735992432,0.03153662011027336,0.11236614733934402,0.3464510142803192,0.29390501976013184,0.1526227742433548,0.03081371635198593,0.013012244366109371,0.0067320289090275764,0.0030271541327238083,0.0012650792486965656,0.00040663263644091785,0.13988162577152252,64.4064712524414
C:\Users\Noura\Desktop\ASU UNI TORTURE HELL FIRE\Senior 1\Sem 8\CV\Project\Coin-Counting-System\data\raw\018.jpg,434,677,78,78.0,19113.44921875,490.08843994140625,0.9949873685836792,1.0,0.9989773035049438,8.407669067382812,146.8706817626953,75.05914306640625,0.9873655438423157,0.011310344561934471,0.0,0.0,0.0,0.0,0.0,0.0,0.0,0.0,0.0,0.0,0.0,0.0,0.0,0.001324137905612588,0.0,0.000331034476403147,0.004248275887221098,0.005351724103093147,0.00584827596321702,0.0061241379007697105,0.013020689599215984,0.05406896397471428,0.236303448677063,0.4955034554004669,0.15630345046520233,0.01953103393316269,0.0024275861214846373,0.000662068952806294,5.5172415159177035e-05,0.00022068966063670814,0.0,0.0,0.0019310344941914082,0.11812413483858109,0.591724157333374,0.2511448264122009,0.026482759043574333,0.008275861851871014,0.0017655172850936651,0.0002758620830718428,0.0001655172382015735,0.00011034483031835407,0.0,0.0,0.0,0.0,0.04485517367720604,34.48728561401367
C:\Users\Noura\Desktop\ASU UNI TORTURE HELL FIRE\Senior 1\Sem 8\CV\Project\Coin-Counting-System\data\raw\018.jpg,278,516,83,83.0,21642.431640625,521.50439453125,0.9935168623924255,1.0,0.9987030029296875,9.106832504272461,148.20697021484375,83.83154296875,0.9744088053703308,0.02554265968501568,0.0,0.0,0.0,0.0,0.0,0.0,0.0,0.0,0.0,0.0,0.0,0.0,0.0,4.856018858845346e-05,0.0,0.0,0.0004856018931604922,0.001505365944467485,0.006992667447775602,0.02631962299346924,0.055018696933984756,0.10605545341968536,0.23007817566394806,0.26844072341918945,0.16898946464061737,0.07677365839481354,0.03253532573580742,0.015053658746182919,0.005730102304369211,0.00602146377786994,0.0,0.0,0.001311125117354095,0.12256591767072678,0.4080512821674347,0.2446947991847992,0.1091633066534996,0.06210848316550255,0.026902345940470695,0.014713738113641739,0.005584422033280134,0.003739134641364217,0.0009712037863209844,0.00019424075435381383,0.0,0.0,0.19642597436904907,76.00587463378906
C:\Users\Noura\Desktop\ASU UNI TORTURE HELL FIRE\Senior 1\Sem 8\CV\Project\Coin-Counting-System\data\raw\018.jpg,526,415,97,97.0,29559.24609375,609.468994140625,0.9945671558380127,1.0,0.9985122084617615,15.394108772277832,87.94725799560547,92.18324279785156,0.12242017686367035,0.8751102685928345,0.0012347856536507607,0.0,0.0,0.0,0.0,0.0,0.0,0.0,0.0,0.0,0.00014111836208030581,0.0,0.00010583877156022936,0.0009878285927698016,0.0008114305674098432,0.012418416328728199,0.13282765448093414,0.24081848561763763,0.11077791452407837,0.04067736864089966,0.06156288459897041,0.21866290271282196,0.15551243722438812,0.02303757332265377,0.002363732550293207,0.0003880755102727562,0.00014111836208030581,0.0,0.0,0.0,0.0,0.0,0.0007055918104015291,0.06780737638473511,0.27916741371154785,0.1740342229604721,0.2899276912212372,0.16140413284301758,0.018133709207177162,0.005821132566779852,0.0021167753729969263,0.0007761510205455124,0.00010583877156022936,0.0,0.0,0.0,0.10763803124427795,48.35835266113281
C:\Users\Noura\Desktop\ASU UNI TORTURE HELL FIRE\Senior 1\Sem 8\CV\Project\Coin-Counting-System\data\raw\019.jpg,377,578,83,83.0,21642.431640625,521.50439453125,0.9935168623924255,1.0,0.9987030029296875,24.478464126586914,69.30272674560547,97.78410339355469,0.19380371272563934,0.7098042964935303,0.022289127111434937,0.009177875705063343,0.00038848150870762765,4.856018858845346e-05,0.0002428009465802461,0.0,0.0,0.0,0.0008255232241936028,0.0006312824552878737,0.0011654446134343743,0.0015539260348305106,0.007235468365252018,0.05283348634839058,0.04909435287117958,0.20438984036445618,0.13902781903743744,0.0508425198495388,0.04996843636035919,0.13834798336029053,0.26547855138778687,0.08672849833965302,0.011994367465376854,0.0026708105579018593,0.0006312824552878737,0.00043704171548597515,9.712037717690691e-05,0.0001456805766792968,4.856018858845346e-05,9.712037717690691e-05,0.0,0.0002428009465802461,0.006992667447775602,0.07716213911771774,0.1547127664089203,0.2660127282142639,0.21444180607795715,0.15718933939933777,0.07857038825750351,0.02491137757897377,0.012237167917191982,0.00582722295075655,0.0012140047037974,0.0003399213310331106,0.0001456805766792968,0.0,0.17326276004314423,75.26618957519531
C:\Users\Noura\Desktop\ASU UNI TORTURE HELL FIRE\Senior 1\Sem 8\CV\Project\Coin-Counting-System\data\raw\020.jpg,430,451,72,72.0,16286.0166015625,452.38934326171875,0.9926350116729736,1.0,0.9980324506759644,19.37422752380371,146.4348602294922,139.34996032714844,0.8056982755661011,0.1341312676668167,0.0,0.0,0.0,0.0,0.0,0.0,0.0,0.0,0.0,0.0012359331594780087,0.009106875397264957,0.010603005066514015,0.012294282205402851,0.02693033218383789,0.004033044911921024,0.06745593249797821,0.014701099134981632,0.009432121179997921,0.010668054223060608,0.016977818682789803,0.02029532380402088,0.027320627123117447,0.06244714930653572,0.20282313227653503,0.4184609353542328,0.12521953880786896,0.017563261091709137,0.0022116699256002903,0.00039029467734508216,0.0,0.0,0.0,0.0,0.0,0.0022116699256002903,0.023938072845339775,0.034150782972574234,0.12138164043426514,0.44350484013557434,0.2814674973487854,0.0684967115521431,0.01788850501179695,0.004488388542085886,0.0012359331594780087,0.0005203929031267762,0.0007155402563512325,0.14571000635623932,58.009639739990234
C:\Users\Noura\Desktop\ASU UNI TORTURE HELL FIRE\Senior 1\Sem 8\CV\Project\Coin-Counting-System\data\raw\020.jpg,271,581,78,78.0,19113.44921875,490.08843994140625,0.9949873685836792,1.0,0.9989773035049438,12.01611042022705,162.42355346679688,109.19409942626953,0.29859310388565063,0.7014068961143494,0.0,0.0,0.0,0.0,0.0,0.0,0.0,0.0,0.0,0.0,0.0,0.0,0.0,0.0,0.0,0.0,0.0,0.0,0.0001655172382015735,0.0006068965303711593,0.0015448275953531265,0.006068965420126915,0.041765518486499786,0.3049930930137634,0.5532137751579285,0.08750344812870026,0.003586206817999482,0.0004413793212734163,0.00011034483031835407,0.0,0.0,0.0,0.0,0.0,0.0021517241839319468,0.12237241119146347,0.42879998683929443,0.4100413918495178,0.03205517306923866,0.0043034483678638935,0.00022068966063670814,0.0,5.5172415159177035e-05,0.0,0.0,0.0,0.03531034663319588,25.702510833740234
C:\Users\Noura\Desktop\ASU UNI TORTURE HELL FIRE\Senior 1\Sem 8\CV\Project\Coin-Counting-System\data\raw\020.jpg,518,636,98,98.0,30171.85546875,615.7521362304688,0.9968417286872864,1.0,0.9997678399085999,9.666805267333984,162.6790771484375,117.38119506835938,0.9568074345588684,0.04263927787542343,0.0,0.0,0.0,0.0,0.0,0.0,0.0,0.0,0.0,0.0,6.916347047081217e-05,6.916347047081217e-05,0.00013832694094162434,0.0002766538818832487,0.0,0.0002420721430098638,0.00038039908395148814,0.0008991250651888549,0.0019019953906536102,0.004564788658171892,0.008680014871060848,0.023342670872807503,0.08233910799026489,0.24639485776424408,0.39374762773513794,0.2161012589931488,0.02002282440662384,0.001383269322104752,0.0,0.0,0.0,0.0,0.0,0.0,0.009164159186184406,0.08852923661470413,0.25625064969062805,0.3975861966609955,0.18317943811416626,0.0524950735270977,0.012069025076925755,0.0007262164144776762,0.0,0.0,0.0,0.0,0.11927240341901779,39.68026351928711
C:\Users\Noura\Desktop\ASU UNI TORTURE HELL FIRE\Senior 1\Sem 8\CV\Project\Coin-Counting-System\data\raw\021.jpg,413,572,88,88.0,24328.494140625,552.9202880859375,0.9968896508216858,1.0,0.9999589323997498,9.195977210998535,136.10130310058594,84.39087677001953,0.9763104915618896,0.02368953824043274,0.0,0.0,0.0,0.0,0.0,0.0,0.0,0.0,0.0,0.0,0.0,0.0,0.0,0.0,0.0,0.0,0.0,0.00025843133335001767,0.0010337253334000707,0.0060300640761852264,0.03294999524950981,0.17271827161312103,0.5195761919021606,0.24413146078586578,0.022828100249171257,0.00047379074385389686,0.0,0.0,0.0,0.0,0.0,0.0,0.00021535943960770965,0.013352285139262676,0.29435327649116516,0.5706163644790649,0.10587070137262344,0.014386010356247425,0.0011629409855231643,4.3071886466350406e-05,0.0,0.0,0.0,0.0,0.0,0.0,0.03656803071498871,28.26441764831543
C:\Users\Noura\Desktop\ASU UNI TORTURE HELL FIRE\Senior 1\Sem 8\CV\Project\Coin-Counting-System\data\raw\022.jpg,389,551,74,74.0,17203.361328125,464.9557189941406,0.9956493377685547,1.0,0.9997093081474304,22.477680206298828,68.14087677001953,115.46142578125,0.11304722726345062,0.7289575934410095,0.07813557982444763,0.03331075608730316,0.0049873776733875275,0.0011698787566274405,0.004617942031472921,0.003017055569216609,0.0049873776733875275,0.006157256197184324,0.005048950202763081,0.0011083061108365655,0.0018471769290044904,0.0012930238153785467,0.00523366779088974,0.0070808446034789085,0.10479649901390076,0.18311680853366852,0.0987623929977417,0.04322393983602524,0.04864232614636421,0.1916138231754303,0.23483775556087494,0.06699094921350479,0.016439873725175858,0.006095683667808771,0.002401330042630434,0.0012314512860029936,0.000738870759960264,0.000369435379980132,0.0,0.000738870759960264,6.15725657553412e-05,0.0009235884645022452,0.005726248491555452,0.04026845470070839,0.09746936708688736,0.1263469010591507,0.2281879186630249,0.17646697163581848,0.11797302961349487,0.08774090558290482,0.06902284175157547,0.03700511157512665,0.010713625699281693,0.0019703221041709185,0.0001231451315106824,0.0,0.2099008709192276,87.20106506347656
C:\Users\Noura\Desktop\ASU UNI TORTURE HELL FIRE\Senior 1\Sem 8\CV\Project\Coin-Counting-System\data\raw\023.jpg,413,386,78,78.0,19113.44921875,490.08843994140625,0.9947661757469177,1.0,0.9987941980361938,10.584551811218262,152.53782653808594,136.35989379882812,0.7023448348045349,0.2976551651954651,0.0,0.0,0.0,0.0,0.0,0.0,0.0,0.0,0.0,0.0,0.0,0.0,0.0,0.0,0.0,0.0,0.0,0.0001655172382015735,0.0031448276713490486,0.004800000227987766,0.0063448273576796055,0.037793103605508804,0.22521379590034485,0.3764965534210205,0.27503448724746704,0.06675861775875092,0.0036413792986422777,0.0005517241661436856,5.5172415159177035e-05,0.0,0.0,0.0,0.0,0.0,0.0,0.0009379310067743063,0.07536551356315613,0.29969656467437744,0.2982068955898285,0.1841103434562683,0.10764137655496597,0.0316137932240963,0.0022068966645747423,0.00022068966063670814,0.0,0.0,0.16364137828350067,41.22388458251953
C:\Users\Noura\Desktop\ASU UNI TORTURE HELL FIRE\Senior 1\Sem 8\CV\Project\Coin-Counting-System\data\raw\023.jpg,314,658,84,84.0,22167.078125,527.7875366210938,0.9946008324623108,1.0,0.9984641671180725,14.348751068115234,138.00643920898438,85.94497680664062,0.13639163970947266,0.8633714318275452,0.0002369555877521634,0.0,0.0,0.0,0.0,0.0,0.0,0.0,0.0,0.0,0.0,0.0,0.0,0.0,0.0,0.0,0.0,0.0,0.003649116260930896,0.01848253607749939,0.0586228147149086,0.21089047193527222,0.3386569321155548,0.24377991259098053,0.08738922327756882,0.02781858667731285,0.007866925559937954,0.002179991453886032,0.0005213022814132273,0.00014217336138244718,0.0,0.0,0.0002369555877521634,0.03525899350643158,0.35149991512298584,0.4059523344039917,0.12558646500110626,0.051656320691108704,0.02108904719352722,0.0069664944894611835,0.0012321691028773785,0.0004739111755043268,4.739112046081573e-05,0.0,0.0,0.0,0.17108194530010223,58.102508544921875
C:\Users\Noura\Desktop\ASU UNI TORTURE HELL FIRE\Senior 1\Sem 8\CV\Project\Coin-Counting-System\data\raw\024.jpg,485,479,91,91.0,26015.529296875,571.7698364257812,0.99741530418396,1.0,0.9999614357948303,24.342363357543945,94.1728744506836,168.78607177734375,0.014610585756599903,0.9313342571258545,0.02676594816148281,0.0,0.0,0.0,0.0,0.0,0.0,0.0,0.0,0.0,0.0,0.0,0.005192191805690527,0.02209700085222721,0.0,0.003260213416069746,0.017267055809497833,0.00965989101678133,0.03079090267419815,0.48009660840034485,0.4046286940574646,0.045119743794202805,0.007003421429544687,0.002052726922556758,0.0001207486420753412,0.0,0.0,0.0,0.0,0.0,0.0,0.0,0.0,0.0,0.003662708681076765,0.011068625375628471,0.006319178733974695,0.018313543871045113,0.08947474509477615,0.19694103300571442,0.2307908982038498,0.2996578812599182,0.1269470751285553,0.01114912424236536,0.004387200810015202,0.0012879854766651988,0.12883880734443665,42.818206787109375
C:\Users\Noura\Desktop\ASU UNI TORTURE HELL FIRE\Senior 1\Sem 8\CV\Project\Coin-Counting-System\data\raw\024.jpg,530,650,97,97.0,29559.24609375,609.468994140625,0.9945671558380127,1.0,0.9985122084617615,162.5953826904297,39.54648208618164,207.73092651367188,0.04995590075850487,0.0,0.0,0.0,0.0,0.0,0.0,0.0,0.0,0.0,0.0,0.0,0.000952548929490149,0.01993296854197979,0.2738049030303955,0.6553536653518677,0.04325277730822563,0.37297582626342773,0.30227553844451904,0.1491268277168274,0.08781090378761292,0.030904920771718025,0.009066854603588581,0.003210442839190364,0.0013759040739387274,0.0,0.0,0.0,0.0,0.0,0.0,0.0,0.0,0.0,0.0,0.0,3.5279590520076454e-05,0.005009701941162348,0.02667137049138546,0.032633621245622635,0.0648791640996933,0.05789380893111229,0.05115540698170662,0.05835244432091713,0.0842476636171341,0.12499558925628662,0.18253660202026367,0.3115893602371216,0.22490739822387695,80.0433578491211
C:\Users\Noura\Desktop\ASU UNI TORTURE HELL FIRE\Senior 1\Sem 8\CV\Project\Coin-Counting-System\data\raw\024.jpg,319,617,106,106.0,35298.93359375,666.0176391601562,0.9957102537155151,1.0,0.9989089369773865,14.397507667541504,92.13331604003906,76.44660949707031,0.23983033001422882,0.7355445027351379,0.02268107980489731,0.00026510353200137615,0.0,0.0,0.0,0.0,0.0,8.836784400045872e-05,2.9455948606482707e-05,0.0,0.0,0.0,0.00011782379442593083,0.0014433414908125997,0.0003829273337032646,0.002709947293624282,0.019912220537662506,0.07864738255739212,0.25700315833091736,0.24298211932182312,0.19137530028820038,0.10995905846357346,0.05284397304058075,0.02577395550906658,0.010898700915277004,0.0043005687184631824,0.0017673568800091743,0.0008836784400045872,0.00035347137600183487,0.00020619164570234716,0.0,2.9455948606482707e-05,0.03384488448500633,0.3295236825942993,0.29573771357536316,0.14648443460464478,0.0913134440779686,0.056643787771463394,0.027600223198533058,0.010928156785666943,0.004771863576024771,0.0018262688536196947,0.0009425903554074466,0.00026510353200137615,8.836784400045872e-05,0.0,0.16878259181976318,71.75634765625
C:\Users\Noura\Desktop\ASU UNI TORTURE HELL FIRE\Senior 1\Sem 8\CV\Project\Coin-Counting-System\data\raw\025.jpg,427,572,58,58.0,10568.3173828125,364.42474365234375,0.9915351867675781,1.0,0.9979315400123596,8.433012008666992,142.75450134277344,109.53559875488281,0.9069578647613525,0.08786185830831528,0.004875571466982365,0.0,0.0,0.0,0.0,0.0,0.0,0.0,0.0,0.0,0.0,0.0,0.0,0.0003047232166863978,0.0,0.0,0.0004062976222485304,0.0031488065142184496,0.016150329262018204,0.045911628752946854,0.07018791139125824,0.12229558080434799,0.22173692286014557,0.27618080377578735,0.15104113519191742,0.05261554196476936,0.020619604736566544,0.010766887106001377,0.004875571466982365,0.004062976222485304,0.0,0.0001015744055621326,0.0017267648363485932,0.030573895201086998,0.13184358179569244,0.2162519097328186,0.21025902032852173,0.17216861248016357,0.09984763711690903,0.05434230715036392,0.033925849944353104,0.022346368059515953,0.016658201813697815,0.00711020827293396,0.002742508891969919,0.0001015744055621326,0.20538344979286194,87.35034942626953
C:\Users\Noura\Desktop\ASU UNI TORTURE HELL FIRE\Senior 1\Sem 8\CV\Project\Coin-Counting-System\data\raw\025.jpg,355,516,60,60.0,11309.7333984375,376.9911193847656,0.9849547147750854,1.0,0.9943572282791138,19.8887939453125,131.61863708496094,112.50810241699219,0.024628208950161934,0.8767642378807068,0.09860756248235703,0.0,0.0,0.0,0.0,0.0,0.0,0.0,0.0,0.0,0.0,0.0,0.0,0.0,0.0,0.0018944776384159923,0.005020365584641695,0.004925641696900129,0.009756559506058693,0.02936440333724022,0.09358718991279602,0.25329166650772095,0.3577720820903778,0.16292507946491241,0.04906696826219559,0.018092261627316475,0.006251776125282049,0.003599507501348853,0.0017050298629328609,0.0027469925116747618,0.0,0.0,0.000663067155983299,0.006441223900765181,0.032585013657808304,0.2048877477645874,0.3119257390499115,0.20460358262062073,0.1325187087059021,0.06071800738573074,0.028511887416243553,0.011461589485406876,0.004452022258192301,0.0012314104242250323,0.0,0.0,0.2344416081905365,75.20779418945312
C:\Users\Noura\Desktop\ASU UNI TORTURE HELL FIRE\Senior 1\Sem 8\CV\Project\Coin-Counting-System\data\raw\025.jpg,324,648,71,71.0,15836.7685546875,446.1061706542969,0.9964891672134399,1.0,1.0,14.225834846496582,85.35701751708984,83.19439697265625,0.5211051106452942,0.4546123445034027,0.00020068231970071793,0.0,0.0,0.0,0.0,0.0,0.0,0.0,6.689410656690598e-05,0.0,0.0008696233853697777,0.0011371998116374016,0.002274399623274803,0.019733762368559837,0.005083952099084854,0.060806743800640106,0.12261689454317093,0.09900327771902084,0.10629473626613617,0.12408857047557831,0.2067696899175644,0.23225633800029755,0.03752759471535683,0.004548799246549606,0.00040136463940143585,0.0003344705328345299,0.0,0.0,6.689410656690598e-05,0.00020068231970071793,0.0,0.0005351528525352478,0.00481637567281723,0.10388654470443726,0.30777978897094727,0.42772090435028076,0.10990701615810394,0.022810891270637512,0.009565857239067554,0.00515084620565176,0.0036122817546129227,0.002475081942975521,0.0010703057050704956,0.0006020469591021538,6.689410656690598e-05,0.0,0.11873704195022583,73.51425170898438
C:\Users\Noura\Desktop\ASU UNI TORTURE HELL FIRE\Senior 1\Sem 8\CV\Project\Coin-Counting-System\data\raw\026.jpg,391,406,72,72.0,16286.0166015625,452.38934326171875,0.9926350116729736,1.0,0.9980324506759644,10.0276460647583,147.68048095703125,100.05757141113281,0.9516685009002686,0.04833149164915085,0.0,0.0,0.0,0.0,0.0,0.0,0.0,0.0,0.0,0.0,0.0,0.0,0.0,0.0,0.0,0.0,0.0,0.0003252455499023199,0.0016262277495115995,0.004423339851200581,0.017758406698703766,0.05841410160064697,0.2533012330532074,0.4993169903755188,0.13100890815258026,0.026149742305278778,0.004488388542085886,0.002016522455960512,0.00039029467734508216,0.0007805893546901643,0.0,0.0,0.0,6.504911289084703e-05,0.008716581389307976,0.4327717423439026,0.4308202564716339,0.0761074647307396,0.026605086401104927,0.016067130491137505,0.004943732637912035,0.0015611787093803287,0.0006504910998046398,0.0006504910998046398,0.0007805893546901643,0.0002601964515633881,0.11663305759429932,61.26409912109375
C:\Users\Noura\Desktop\ASU UNI TORTURE HELL FIRE\Senior 1\Sem 8\CV\Project\Coin-Counting-System\data\raw\026.jpg,508,598,86,86.0,23235.21875,540.3539428710938,0.9957901835441589,1.0,0.9997842311859131,8.328243255615234,143.50982666015625,80.19454956054688,0.9899697303771973,0.010030271485447884,0.0,0.0,0.0,0.0,0.0,0.0,0.0,0.0,0.0,0.0,0.0,0.0,0.0,0.0,0.0,0.0,0.0,0.0,4.518140485743061e-05,0.001987981842830777,0.01296706311404705,0.06379614025354385,0.3781231641769409,0.49356165528297424,0.043328966945409775,0.005150679964572191,0.0006777210510335863,0.0002710884145926684,4.518140485743061e-05,4.518140485743061e-05,0.0,0.0,0.0,0.0326661542057991,0.39298784732818604,0.5447521805763245,0.023313604295253754,0.004427777603268623,0.0013554421020671725,0.00045181403402239084,4.518140485743061e-05,0.0,0.0,0.0,0.0,0.0,0.020828627049922943,27.20175552368164
C:\Users\Noura\Desktop\ASU UNI TORTURE HELL FIRE\Senior 1\Sem 8\CV\Project\Coin-Counting-System\data\raw\027.jpg,356,372,48,48.0,7238.2294921875,301.5928955078125,0.9910554885864258,1.0,0.9983420968055725,13.204527854919434,114.6676254272461,213.69146728515625,0.698113203048706,0.28030189871788025,0.00120754714589566,0.0,0.0,0.0,0.0,0.0,0.000301886786473915,0.012679245322942734,0.002264150884002447,0.0009056603885255754,0.00120754714589566,0.00060377357294783,0.000301886786473915,0.0021132074762135744,0.002264150884002447,0.006339622661471367,0.007396226283162832,0.00890566036105156,0.021433962509036064,0.08075471967458725,0.28392452001571655,0.32030189037323,0.20800000429153442,0.055094338953495026,0.00483018858358264,0.00060377357294783,0.0001509433932369575,0.0,0.0,0.0,0.0,0.0,0.0,0.0,0.0,0.0,0.0004528301942627877,0.0019622640684247017,0.007698113098740578,0.021584905683994293,0.04015094414353371,0.10475471615791321,0.17750942707061768,0.25796225666999817,0.25735849142074585,0.13056603074073792,0.25524526834487915,74.15385437011719
C:\Users\Noura\Desktop\ASU UNI TORTURE HELL FIRE\Senior 1\Sem 8\CV\Project\Coin-Counting-System\data\raw\027.jpg,533,473,66,66.0,13684.77734375,414.6902160644531,0.9914119243621826,1.0,0.997951090335846,23.184547424316406,56.15856170654297,229.99237060546875,0.004745973739773035,0.4111102521419525,0.5741072297096252,0.008247101679444313,0.000933634175453335,0.0,0.0,0.0,0.0,0.0,0.0,0.0,0.0,0.0,0.0,0.0008558313129469752,0.131331205368042,0.09639772772789001,0.04769314453005791,0.22150470316410065,0.38792499899864197,0.08916206657886505,0.018128063529729843,0.005446199327707291,0.001400451292283833,0.0005446199211291969,0.00031121139181777835,0.00015560569590888917,0.0,0.0,0.0,0.0,0.0,0.0,0.0,0.00015560569590888917,0.001400451292283833,0.001478254096582532,0.0036567337810993195,0.005835213698446751,0.00949194747954607,0.013070878572762012,0.017350034788250923,0.02762001007795334,0.04139111563563347,0.09460826218128204,0.3687855005264282,0.4151560068130493,0.16914339363574982,110.05952453613281
C:\Users\Noura\Desktop\ASU UNI TORTURE HELL FIRE\Senior 1\Sem 8\CV\Project\Coin-Counting-System\data\raw\027.jpg,314,538,70,70.0,15393.8037109375,439.8229675292969,0.9938111305236816,1.0,0.9980453252792358,22.606550216674805,115.61461639404297,209.46922302246094,0.0001378834858769551,0.5488452315330505,0.45018959045410156,0.00048259220784530044,0.0002757669717539102,0.0,6.894174293847755e-05,0.0,0.0,0.0,0.0,0.0,0.0,0.0,0.0,0.0,0.0011030678870156407,0.0031023784540593624,0.0023440192453563213,0.0030334368348121643,0.01675284467637539,0.05818683281540871,0.3318166136741638,0.37297484278678894,0.14684592187404633,0.04019303619861603,0.014546708203852177,0.005446397699415684,0.0028955533634871244,0.00048259220784530044,0.0002757669717539102,0.0,0.0,0.0,0.0,0.0,0.0,0.0,0.0006894174148328602,0.004343329928815365,0.010685970075428486,0.02571527101099491,0.05239572376012802,0.11802826821804047,0.21316787600517273,0.2830747961997986,0.1875215470790863,0.10437779873609543,0.24708721041679382,88.54104614257812
C:\Users\Noura\Desktop\ASU UNI TORTURE HELL FIRE\Senior 1\Sem 8\CV\Project\Coin-Counting-System\data\raw\027.jpg,486,619,72,72.0,16286.0166015625,452.38934326171875,0.9926350116729736,1.0,0.9980324506759644,24.29883575439453,116.31327819824219,232.7683563232422,0.001170884002931416,0.11149417608976364,0.8844727873802185,0.00045534377568401396,0.00039029467734508216,0.00019514733867254108,0.00013009822578169405,0.00019514733867254108,0.00039029467734508216,0.0007805893546901643,0.0002601964515633881,6.504911289084703e-05,0.0,0.0,0.0,0.0,0.00039029467734508216,0.0011058349628001451,0.0018864242592826486,0.0024718663189560175,0.006960255093872547,0.04690041020512581,0.28413450717926025,0.4917062520980835,0.12684576213359833,0.022832239046692848,0.0074806478805840015,0.0037077993620187044,0.0012359331594780087,0.0006504910998046398,0.0002601964515633881,0.001431080512702465,0.0,0.0002601964515633881,0.00253691547550261,0.0016262277495115995,0.0008456384530290961,0.0008456384530290961,0.0011058349628001451,0.000585442001465708,0.0012359331594780087,0.007220451254397631,0.008651532232761383,0.017498211935162544,0.04364795237779617,0.12112144380807877,0.3525661826133728,0.4402523934841156,0.19449684023857117,87.13983917236328
C:\Users\Noura\Desktop\ASU UNI TORTURE HELL FIRE\Senior 1\Sem 8\CV\Project\Coin-Counting-System\data\raw\027.jpg,212,684,101,101.0,32047.38671875,634.6017456054688,0.9979568123817444,1.0,0.9999687075614929,37.05169677734375,50.90935516357422,194.11141967773438,0.004324218723922968,0.392365962266922,0.17179828882217407,0.18125955760478973,0.1099587082862854,0.04629840329289436,0.014370712451636791,0.01365542784333229,0.008453359827399254,0.054589200764894485,0.0013005170039832592,0.00048769384738989174,0.0005527196917682886,6.502584437839687e-05,0.000357642158633098,0.0001625646254979074,0.41782358288764954,0.0687648355960846,0.03153753653168678,0.04158402979373932,0.06804955005645752,0.2611438035964966,0.05813310667872429,0.005657248664647341,0.004421757534146309,0.007770588621497154,0.013070194981992245,0.01225737202912569,0.006762688048183918,0.002340930514037609,0.0006177455652505159,6.502584437839687e-05,0.0,0.0,0.0002601033775135875,0.0025034951977431774,0.004226679913699627,0.0028936502058058977,0.002666059648618102,0.00451929634436965,0.011119419708848,0.02952173538506031,0.08307052403688431,0.29365673661231995,0.28055402636528015,0.21289461851119995,0.05693012848496437,0.015183535404503345,0.15547680854797363,65.30660247802734
C:\Users\Noura\Desktop\ASU UNI TORTURE HELL FIRE\Senior 1\Sem 8\CV\Project\Coin-Counting-System\data\raw\028.jpg,302,569,74,74.0,17203.361328125,464.9557189941406,0.9956493377685547,1.0,0.9997093081474304,11.28520393371582,142.02696228027344,97.32811737060547,0.5505203008651733,0.44947969913482666,0.0,0.0,0.0,0.0,0.0,0.0,0.0,0.0,0.0,0.0,0.0,0.0,0.0,0.0,0.0,0.0,0.0,0.0001231451315106824,0.0001231451315106824,0.0020318946335464716,0.009605320170521736,0.07634998112916946,0.4387045204639435,0.4391970932483673,0.031155716627836227,0.0025244751013815403,6.15725657553412e-05,0.0001231451315106824,0.0,0.0,0.0,0.0,0.0,0.0,0.034172773361206055,0.3920325040817261,0.5076658129692078,0.06409703940153122,0.0019087494583800435,0.0001231451315106824,0.0,0.0,0.0,0.0,0.0,0.0,0.026229912415146828,23.124160766601562
C:\Users\Noura\Desktop\ASU UNI TORTURE HELL FIRE\Senior 1\Sem 8\CV\Project\Coin-Counting-System\data\raw\028.jpg,430,526,88,88.0,24328.494140625,552.9202880859375,0.9968299269676208,1.0,0.9999589323997498,16.060129165649414,78.75254821777344,98.56127166748047,0.06417711079120636,0.9090321660041809,0.025110909715294838,0.0013352284440770745,0.00012921566667500883,0.0,0.0,0.0,0.0,0.0,0.0,0.0,0.0,0.0,4.3071886466350406e-05,0.00017228754586540163,0.00047379074385389686,0.05974070727825165,0.19347891211509705,0.19912132620811462,0.08200887590646744,0.05026489123702049,0.1410173624753952,0.21212904155254364,0.0445794016122818,0.016496533527970314,0.0006891501834616065,0.0,0.0,0.0,0.0,0.0,0.0,0.0,4.3071886466350406e-05,0.017745617777109146,0.18370160460472107,0.25132447481155396,0.2459835410118103,0.2545117735862732,0.04040142893791199,0.005470129661262035,0.0007752939709462225,4.3071886466350406e-05,0.0,0.0,0.0,0.0,0.09027867764234543,37.895965576171875
C:\Users\Noura\Desktop\ASU UNI TORTURE HELL FIRE\Senior 1\Sem 8\CV\Project\Coin-Counting-System\data\raw\029.jpg,446,616,82,82.0,21124.068359375,515.22119140625,0.9949256777763367,1.0,0.9996455907821655,18.66704750061035,60.982322692871094,121.9160385131836,0.21099546551704407,0.6418505311012268,0.06364224851131439,0.05851302295923233,0.007469747681170702,0.002738907467573881,0.0010955629404634237,0.0008963696891441941,0.00029878990608267486,0.0,0.0,0.0,0.0,0.0,0.00019919326587114483,0.01230018399655819,0.12170708924531937,0.26213833689689636,0.1123948022723198,0.03680095449090004,0.055574920028448105,0.12872864305973053,0.16099795699119568,0.08978636562824249,0.020716099068522453,0.0067227729596197605,0.0026393109001219273,0.0009959663730114698,0.00044818484457209706,9.959663293557242e-05,0.00014939495304133743,9.959663293557242e-05,0.0,0.0,0.00034858821891248226,0.005527613218873739,0.04566505551338196,0.15462377667427063,0.23096458613872528,0.15741248428821564,0.14356854557991028,0.1285792589187622,0.08804342150688171,0.0346098318696022,0.009113091975450516,0.001444151159375906,9.959663293557242e-05,0.0,0.19252029061317444,74.25959777832031
C:\Users\Noura\Desktop\ASU UNI TORTURE HELL FIRE\Senior 1\Sem 8\CV\Project\Coin-Counting-System\data\raw\030.jpg,499,486,53,53.0,8824.7333984375,333.0088195800781,0.9879258275032043,1.0,0.9957168698310852,10.731554985046387,136.9466552734375,164.79835510253906,0.8032546043395996,0.1967453807592392,0.0,0.0,0.0,0.0,0.0,0.0,0.0,0.0,0.0,0.0,0.0,0.0,0.0,0.0,0.0,0.0,0.0,0.0,0.0014682491309940815,0.02324727736413479,0.1325094848871231,0.2615930438041687,0.26061421632766724,0.15233084559440613,0.07218891382217407,0.04319099336862564,0.023002568632364273,0.015049553476274014,0.007830661721527576,0.006974183488637209,0.0,0.0,0.0003670622827485204,0.002936498261988163,0.008075370453298092,0.020800195634365082,0.052489906549453735,0.07818426191806793,0.09164321422576904,0.1447448879480362,0.18964883685112,0.18206289410591125,0.13373301923274994,0.06350177526473999,0.0242261104285717,0.007585953921079636,0.31763121485710144,104.677001953125
C:\Users\Noura\Desktop\ASU UNI TORTURE HELL FIRE\Senior 1\Sem 8\CV\Project\Coin-Counting-System\data\raw\030.jpg,358,497,70,70.0,15393.8037109375,439.8229675292969,0.9938111305236816,1.0,0.9980453252792358,7.499344825744629,132.14443969726562,100.695068359375,0.9957256317138672,0.004205446224659681,0.0,0.0,0.0,0.0,0.0,0.0,0.0,0.0,0.0,0.0,0.0,0.0,0.0,6.894174293847755e-05,0.0,0.0,0.00048259220784530044,0.002550844568759203,0.016683902591466904,0.051706306636333466,0.15794552862644196,0.26673561334609985,0.22654257714748383,0.1256808042526245,0.06673561036586761,0.04019303619861603,0.019579455256462097,0.009376076981425285,0.0071699414402246475,0.008617717772722244,0.0,0.00020682523609139025,0.004274388309568167,0.052188899368047714,0.19607031345367432,0.25680798292160034,0.19262322783470154,0.12457773089408875,0.08562564849853516,0.04205446317791939,0.02109617367386818,0.012478455901145935,0.005446397699415684,0.003447087248787284,0.001585660153068602,0.0015167184174060822,0.20586004853248596,93.11146545410156
C:\Users\Noura\Desktop\ASU UNI TORTURE HELL FIRE\Senior 1\Sem 8\CV\Project\Coin-Counting-System\data\raw\030.jpg,456,601,72,72.0,16286.0166015625,452.38934326171875,0.9926350116729736,1.0,0.9980324506759644,7.469134330749512,144.1038818359375,108.04949951171875,0.9959669709205627,0.002081571612507105,0.0,0.0,0.0,0.0,0.0,0.0,0.0,0.0,0.0,0.0,0.0,0.0,6.504911289084703e-05,0.0018864242592826486,0.00045534377568401396,0.004423339851200581,0.003772848518565297,0.00767579535022378,0.029337149113416672,0.055616989731788635,0.06966760009527206,0.10388343036174774,0.15852469205856323,0.21687373518943787,0.1980745494365692,0.09510180354118347,0.03343524411320686,0.012944772839546204,0.004683536011725664,0.005529174581170082,0.0,0.000585442001465708,0.00416314322501421,0.04436349496245384,0.12964287400245667,0.2493332475423813,0.2511546313762665,0.11344565451145172,0.055877186357975006,0.0380537323653698,0.03382553905248642,0.032329410314559937,0.026279840618371964,0.015416639856994152,0.0048136343248188496,0.0007155402563512325,0.19072400033473969,103.6729965209961
C:\Users\Noura\Desktop\ASU UNI TORTURE HELL FIRE\Senior 1\Sem 8\CV\Project\Coin-Counting-System\data\raw\031.jpg,382,480,85,85.0,22698.0078125,534.0707397460938,0.9964677095413208,1.0,0.9996472597122192,14.809977531433105,75.3355712890625,177.16241455078125,0.2184567004442215,0.7499653100967407,0.027740534394979477,0.00018493688548915088,0.0,0.0,0.0,0.0,0.0,0.0,0.0,0.0,0.0,0.0,0.0,0.0036525034811347723,0.0010171529138460755,0.07291136682033539,0.2492949217557907,0.17328587174415588,0.06380322575569153,0.07795090228319168,0.13615979254245758,0.15539322793483734,0.04965555667877197,0.012159600853919983,0.00517823314294219,0.002311711199581623,0.0005548106855712831,0.00027740534278564155,4.623422137228772e-05,0.0,0.0,0.0,0.0,0.0,0.002958990167826414,0.011558555997908115,0.032502658665180206,0.06764066964387894,0.12663553655147552,0.12344537675380707,0.1164177730679512,0.1358361393213272,0.1252947449684143,0.10028202831745148,0.09182116389274597,0.06560636311769485,0.24055665731430054,91.66216278076172
C:\Users\Noura\Desktop\ASU UNI TORTURE HELL FIRE\Senior 1\Sem 8\CV\Project\Coin-Counting-System\data\raw\031.jpg,334,598,90,90.0,25446.900390625,565.4866943359375,0.9974673986434937,1.0,0.9997233152389526,12.650146484375,146.55755615234375,92.3746109008789,0.4016781151294708,0.5965943932533264,0.0011516473023220897,4.113026079721749e-05,0.0,0.0,0.0,0.0,0.0,0.0,0.0,0.0,0.0,0.0,0.0,0.0005346933612599969,0.00024678156478330493,0.010364825837314129,0.028462139889597893,0.011516472324728966,0.01616419106721878,0.037716448307037354,0.07666680216789246,0.11816723644733429,0.10599268227815628,0.15539011359214783,0.22387200593948364,0.12367869168519974,0.043598074465990067,0.019084440544247627,0.01118743047118187,0.017891662195324898,0.00020565130398608744,0.003825114108622074,0.07123760879039764,0.13967835903167725,0.1940525621175766,0.2471928596496582,0.11043474823236465,0.05873401090502739,0.05638958513736725,0.04470859095454216,0.032204993069171906,0.022539382800459862,0.013120552524924278,0.004483198281377554,0.0009871262591332197,0.00020565130398608744,0.18771851062774658,103.82791900634766
C:\Users\Noura\Desktop\ASU UNI TORTURE HELL FIRE\Senior 1\Sem 8\CV\Project\Coin-Counting-System\data\raw\032.jpg,461,636,86,86.0,23235.21875,540.3539428710938,0.9957901835441589,1.0,0.9997842311859131,12.90868854522705,106.79962158203125,160.5907440185547,0.07594993710517883,0.9240500330924988,0.0,0.0,0.0,0.0,0.0,0.0,0.0,0.0,0.0,0.0,0.0,0.0,0.0,0.0,0.0,0.0,0.0,0.001219897880218923,0.008584466762840748,0.12000180780887604,0.5613337755203247,0.2822934091091156,0.025572674348950386,0.0009939909214153886,0.0,0.0,0.0,0.0,0.0,0.0,0.0,0.0,0.0,0.0,0.0,0.0002710884145926684,0.004201870411634445,0.024759409949183464,0.14435458183288574,0.3055618405342102,0.2996882498264313,0.18989743292331696,0.02760583721101284,0.00262052146717906,0.0009036280680447817,0.0001355442072963342,0.13129715621471405,40.88205337524414
C:\Users\Noura\Desktop\ASU UNI TORTURE HELL FIRE\Senior 1\Sem 8\CV\Project\Coin-Counting-System\data\raw\032.jpg,257,612,102,102.0,32685.130859375,640.8848876953125,0.9975214600563049,1.0,0.999602198600769,13.280739784240723,79.1274185180664,111.23793029785156,0.782569944858551,0.18435879051685333,0.0017506445292383432,0.0007957475027069449,0.0005411083111539483,0.00022280930716078728,0.0005729382392019033,0.0027692012954503298,0.021898971870541573,0.0014005156699568033,0.00022280930716078728,0.00028646911960095167,0.00012731961032841355,0.0001909794082166627,0.00041378871537745,0.0018779641250148416,0.0049018049612641335,0.01098131574690342,0.04121972247958183,0.14272527396678925,0.2930578887462616,0.32711589336395264,0.15049177408218384,0.01776108518242836,0.0027692012954503298,0.0021962630562484264,0.0021644332446157932,0.0021644332446157932,0.001623324933461845,0.0008275774307549,0.0,0.0,0.0,0.0,0.0,3.1829902582103387e-05,0.012827450409531593,0.2048572450876236,0.35305726528167725,0.2900022268295288,0.07142629474401474,0.02995193749666214,0.016647038981318474,0.011968042701482773,0.0043288664892315865,0.002100773388519883,0.0013050258858129382,0.0014960053376853466,0.16134576499462128,66.10340118408203
C:\Users\Noura\Desktop\ASU UNI TORTURE HELL FIRE\Senior 1\Sem 8\CV\Project\Coin-Counting-System\data\raw\032.jpg,413,413,110,110.0,38013.26953125,691.150390625,0.9978053569793701,1.0,0.999973714351654,83.49638366699219,60.62656784057617,142.8948516845703,0.5150034427642822,0.017829351127147675,0.0,0.0,0.0,0.0,0.0,0.0,0.0,0.0,0.0,0.0,0.0006552900886163116,0.00840955600142479,0.14722184836864471,0.31088054180145264,0.0,0.09234129637479782,0.4318634867668152,0.0385529026389122,0.07443003356456757,0.20750853419303894,0.14784982800483704,0.0072081913240253925,0.00024573379778303206,0.0,0.0,0.0,0.0,0.0,0.0,0.0,0.0,0.0,0.0,0.0,0.004150170832872391,0.11164505034685135,0.09580887109041214,0.11402047425508499,0.18733105063438416,0.17782935500144958,0.13010239601135254,0.07183618098497391,0.07320136576890945,0.03361092135310173,0.0004641638370230794,0.0,0.091303750872612,33.70455551147461
C:\Users\Noura\Desktop\ASU UNI TORTURE HELL FIRE\Senior 1\Sem 8\CV\Project\Coin-Counting-System\data\raw\033.jpg,392,499,73,73.0,16741.546875,458.6725158691406,0.995776891708374,1.0,1.0,10.073673248291016,137.60406494140625,98.46778106689453,0.9446025490760803,0.055397458374500275,0.0,0.0,0.0,0.0,0.0,0.0,0.0,0.0,0.0,0.0,0.0,0.0,0.0,0.0,0.0,0.0,0.00025295643717981875,0.005185606889426708,0.011699235066771507,0.012837538495659828,0.03389616310596466,0.14083349704742432,0.42503005266189575,0.31069374084472656,0.052678175270557404,0.006640106439590454,0.00025295643717981875,0.0,0.0,0.0,0.0,0.0,0.0,0.002339846920222044,0.056219566613435745,0.3103142976760864,0.5166002511978149,0.09833680838346481,0.01492442935705185,0.0012647821567952633,0.0,0.0,0.0,0.0,0.0,0.0,0.057674065232276917,32.43410110473633
C:\Users\Noura\Desktop\ASU UNI TORTURE HELL FIRE\Senior 1\Sem 8\CV\Project\Coin-Counting-System\data\raw\034.jpg,407,494,72,72.0,16286.0166015625,452.38934326171875,0.9926350116729736,1.0,0.9980324506759644,9.585182189941406,164.6074981689453,106.43433380126953,0.7788980603218079,0.2175242304801941,0.003577701048925519,0.0,0.0,0.0,0.0,0.0,0.0,0.0,0.0,0.0,0.0,0.0,0.0,0.0,0.0,0.0,6.504911289084703e-05,6.504911289084703e-05,0.00019514733867254108,0.00318740657530725,0.021531255915760994,0.05496649816632271,0.11103883385658264,0.21810966730117798,0.2691732347011566,0.18805697560310364,0.08846679329872131,0.028751706704497337,0.009952514432370663,0.006439862307161093,0.0,0.0,0.00013009822578169405,0.005399076268076897,0.062317050993442535,0.25518766045570374,0.33942627906799316,0.18701620399951935,0.09165419638156891,0.03922461345791817,0.014505951665341854,0.0027971118688583374,0.0016262277495115995,0.00045534377568401396,0.0002601964515633881,0.0,0.2032134234905243,66.86917114257812
C:\Users\Noura\Desktop\ASU UNI TORTURE HELL FIRE\Senior 1\Sem 8\CV\Project\Coin-Counting-System\data\raw\035.jpg,389,475,79,79.0,19606.6796875,496.37164306640625,0.997004508972168,1.0,0.9998977780342102,9.434829711914062,162.98951721191406,97.6589126586914,0.8128460049629211,0.18575651943683624,0.0011824778048321605,0.0,0.0,0.0,0.0,0.0,0.0,0.0,0.0,0.0,0.0,0.0,0.0,0.0002149959618691355,0.0,0.0,0.0,0.0,0.0011824778048321605,0.011233539320528507,0.028433216735720634,0.06347756087779999,0.13904863595962524,0.22940069437026978,0.22999194264411926,0.14243483543395996,0.07702230662107468,0.04058048874139786,0.018382154405117035,0.01881214790046215,0.0,0.0,0.000644987914711237,0.025315774604678154,0.1686105877161026,0.3669981062412262,0.2230045646429062,0.10411179810762405,0.05552271008491516,0.035044342279434204,0.011878527700901031,0.005858640186488628,0.0013437247835099697,0.0010749798966571689,0.0004837409360334277,0.00010749798093456775,0.1964525729417801,73.3307876586914
C:\Users\Noura\Desktop\ASU UNI TORTURE HELL FIRE\Senior 1\Sem 8\CV\Project\Coin-Counting-System\data\raw\036.jpg,191,542,101,101.0,32047.38671875,634.6017456054688,0.9979568123817444,1.0,0.9999687075614929,49.367069244384766,72.78970336914062,86.9936294555664,0.7232174873352051,0.015411125496029854,0.0008453360060229897,0.0006502585019916296,0.00019507754768710583,0.0002601033775135875,0.0003251292509958148,0.0004226680030114949,0.001007900689728558,0.00104041351005435,0.0012029781937599182,0.0011379523202776909,0.0033163181506097317,0.015378613024950027,0.04428260400891304,0.19130603969097137,0.0056897616013884544,0.05127288028597832,0.18125955760478973,0.1714731603860855,0.1149982139468193,0.2139350324869156,0.2102285623550415,0.04613583907485008,0.004486783407628536,0.00039015509537421167,6.502584437839687e-05,6.502584437839687e-05,0.0,0.0,0.0,0.0,0.0,0.0,0.007120330352336168,0.14341451227664948,0.20570926368236542,0.33842703700065613,0.21666613221168518,0.04990733787417412,0.01791462115943432,0.008648437447845936,0.005169555079191923,0.002666059648618102,0.0012680040672421455,0.0012029781937599182,0.0008453360060229897,0.00104041351005435,0.13372565805912018,75.8478012084961
C:\Users\Noura\Desktop\ASU UNI TORTURE HELL FIRE\Senior 1\Sem 8\CV\Project\Coin-Counting-System\data\raw\037.jpg,486,535,78,78.0,19113.44921875,490.08843994140625,0.9947661757469177,1.0,0.9987941980361938,14.423007011413574,135.18875122070312,136.50515747070312,0.007668965496122837,0.9923310279846191,0.0,0.0,0.0,0.0,0.0,0.0,0.0,0.0,0.0,0.0,0.0,0.0,0.0,0.0,0.0,0.0,0.0,0.0,5.5172415159177035e-05,0.006565517280250788,0.04788965359330177,0.2269793152809143,0.49693793058395386,0.15817931294441223,0.03867586329579353,0.014289654791355133,0.005737931001931429,0.002758620772510767,0.001324137905612588,0.0006068965303711593,0.0,0.0,0.0,0.0009379310067743063,0.005351724103093147,0.018924137577414513,0.08049654960632324,0.23437240719795227,0.2891034483909607,0.23784828186035156,0.10366896539926529,0.021186206489801407,0.006786206737160683,0.0012689655413851142,5.5172415159177035e-05,0.0,0.1803586184978485,67.88517761230469
C:\Users\Noura\Desktop\ASU UNI TORTURE HELL FIRE\Senior 1\Sem 8\CV\Project\Coin-Counting-System\data\raw\037.jpg,341,720,94,94.0,27759.11328125,590.6194458007812,0.9978712201118469,1.0,1.0,5.007152080535889,151.9763946533203,69.35516357421875,0.9983437061309814,0.0004893657169304788,0.0,0.0,0.0,0.0,0.0,0.0,0.0,0.0,0.0,0.0,0.0,0.0,0.0,0.0011669490486383438,0.0,0.0,0.00015057406562846154,0.0034255599603056908,0.006399397738277912,0.012949369847774506,0.0229625441133976,0.06222473084926605,0.1797477900981903,0.3521174490451813,0.26828533411026,0.06580086797475815,0.015019763261079788,0.006022962741553783,0.001995106227695942,0.0028985508251935244,0.0,0.0003011481312569231,0.05586297810077667,0.2840956151485443,0.4822510778903961,0.13280633091926575,0.024995295330882072,0.01102954987436533,0.004103143233805895,0.0024091850500553846,0.0013551665470004082,0.0006775832735002041,0.00011293054558336735,0.0,0.0,0.0,0.080143041908741,53.72789764404297
C:\Users\Noura\Desktop\ASU UNI TORTURE HELL FIRE\Senior 1\Sem 8\CV\Project\Coin-Counting-System\data\raw\037.jpg,228,475,101,101.0,32047.38671875,634.6017456054688,0.9979568123817444,1.0,0.9999687075614929,10.489156723022461,89.1532974243164,83.1929931640625,0.6083818078041077,0.3842052221298218,0.0001625646254979074,0.0,0.0,0.0,0.0,0.0,0.0,0.0,0.0,0.0,0.00019507754768710583,0.0001625646254979074,0.0006827713805250823,0.006209968589246273,0.000715284317266196,0.01515102293342352,0.11220210045576096,0.22668009996414185,0.10973111540079117,0.059173520654439926,0.09552296996116638,0.2014825940132141,0.1433819979429245,0.0334232859313488,0.00243846932426095,6.502584437839687e-05,3.2512922189198434e-05,0.0,0.0,0.0,0.0,0.0002601033775135875,0.017622005194425583,0.25314563512802124,0.19377702474594116,0.1797964721918106,0.2627694606781006,0.06967519223690033,0.015736255794763565,0.005267093889415264,0.0015931333182379603,0.0002601033775135875,9.753877384355292e-05,0.0,0.0,0.0,0.11919237673282623,56.566410064697266
C:\Users\Noura\Desktop\ASU UNI TORTURE HELL FIRE\Senior 1\Sem 8\CV\Project\Coin-Counting-System\data\raw\038.jpg,401,486,40,40.0,5026.54833984375,251.32740783691406,0.9879226684570312,1.0,0.997201144695282,9.30888557434082,131.58164978027344,110.90914916992188,0.9931309819221497,0.004653223790228367,0.0,0.0,0.0,0.0,0.0,0.0,0.0,0.0,0.0,0.0,0.0,0.0,0.0,0.002215821063145995,0.00022158210049383342,0.01661865785717964,0.014402836561203003,0.01019277609884739,0.01019277609884739,0.017283404245972633,0.044094838201999664,0.11101263016462326,0.49811655282974243,0.25902947783470154,0.01816973276436329,0.0006647462723776698,0.0,0.0,0.0,0.0,0.0,0.0,0.0,0.0,0.0011079105315729976,0.0926213189959526,0.5694659948348999,0.22047418355941772,0.06359405815601349,0.02902725525200367,0.013959672302007675,0.005761134438216686,0.002215821063145995,0.0011079105315729976,0.00022158210049383342,0.00044316420098766685,0.10259251296520233,74.09811401367188
C:\Users\Noura\Desktop\ASU UNI TORTURE HELL FIRE\Senior 1\Sem 8\CV\Project\Coin-Counting-System\data\raw\038.jpg,305,389,50,50.0,7853.9814453125,314.1592712402344,0.9845454096794128,1.0,0.9946768283843994,11.030916213989258,135.21295166015625,150.3463134765625,0.6534035801887512,0.345903217792511,0.0,0.00013863857020623982,0.00013863857020623982,0.0,0.0,0.0,0.0,0.0,0.0,0.0,0.0,0.0,0.0,0.00041591571061871946,0.00041591571061871946,0.0056841811165213585,0.0041591571643948555,0.004020518623292446,0.01372521836310625,0.04713711515069008,0.058782752603292465,0.13420213758945465,0.3045889437198639,0.33744627237319946,0.07999445497989655,0.009566061198711395,0.00027727714041247964,0.0,0.0,0.0,0.0,0.0,0.0,0.0,0.006516012828797102,0.02994593046605587,0.054346319288015366,0.0955219715833664,0.16331623494625092,0.2424788624048233,0.25842228531837463,0.11215860396623611,0.03202550858259201,0.0036046027671545744,0.0011091085616499186,0.0005545542808249593,0.2179398238658905,71.076171875
C:\Users\Noura\Desktop\ASU UNI TORTURE HELL FIRE\Senior 1\Sem 8\CV\Project\Coin-Counting-System\data\raw\038.jpg,550,407,52,52.0,8494.8662109375,326.72564697265625,0.9868375658988953,1.0,0.9962388277053833,10.719311714172363,144.23199462890625,144.28451538085938,0.7224984169006348,0.27750158309936523,0.0,0.0,0.0,0.0,0.0,0.0,0.0,0.0,0.0,0.0,0.0,0.0,0.0,0.0,0.0007648183382116258,0.04142766073346138,0.0126195028424263,0.00905035063624382,0.0073932441882789135,0.01363926101475954,0.026258762925863266,0.031867433339357376,0.11854684352874756,0.3991077244281769,0.29827916622161865,0.03594646230340004,0.004716380033642054,0.0003824091691058129,0.0,0.0,0.0,0.0,0.0,0.0,0.0005098789115436375,0.018865520134568214,0.0600382424890995,0.09993626177310944,0.2314850240945816,0.390822172164917,0.16609305143356323,0.024091778323054314,0.004716380033642054,0.0021669853013008833,0.001019757823087275,0.00025493945577181876,0.14735500514507294,57.97535705566406
C:\Users\Noura\Desktop\ASU UNI TORTURE HELL FIRE\Senior 1\Sem 8\CV\Project\Coin-Counting-System\data\raw\038.jpg,558,554,55,55.0,9503.3173828125,345.5751953125,0.9879681468009949,1.0,0.996643602848053,15.987512588500977,131.05982971191406,100.01248931884766,0.005562493111938238,0.9926211833953857,0.0018163241911679506,0.0,0.0,0.0,0.0,0.0,0.0,0.0,0.0,0.0,0.0,0.0,0.0,0.0,0.0,0.0017028040019795299,0.003973209299147129,0.005108411889523268,0.008173459209501743,0.021795891225337982,0.043705303221940994,0.17697809636592865,0.6051765084266663,0.12941309809684753,0.0035191280767321587,0.00045408104779198766,0.0,0.0,0.0,0.0,0.0,0.0,0.0,0.0,0.012827789410948753,0.3633783757686615,0.506186842918396,0.07469633221626282,0.025087978690862656,0.011238506063818932,0.004540810361504555,0.0015892836963757873,0.00045408104779198766,0.0,0.0,0.0,0.11261209845542908,54.2650260925293
C:\Users\Noura\Desktop\ASU UNI TORTURE HELL FIRE\Senior 1\Sem 8\CV\Project\Coin-Counting-System\data\raw\038.jpg,144,439,55,55.0,9503.3173828125,345.5751953125,0.9879681468009949,1.0,0.996643602848053,21.338176727294922,101.2466812133789,130.35997009277344,0.044045861810445786,0.7678510546684265,0.1778862476348877,0.0028380064759403467,0.0005676012951880693,0.0,0.0,0.00011352026194799691,0.0,0.0,0.0,0.00045408104779198766,0.0011352025903761387,0.0006811216007918119,0.0014757633907720447,0.0029515267815440893,0.010897945612668991,0.008854580111801624,0.008968100883066654,0.01850380375981331,0.04654330760240555,0.17970257997512817,0.44113975763320923,0.24633897840976715,0.034964241087436676,0.0036326483823359013,0.00045408104779198766,0.0,0.0,0.0,0.0,0.0,0.0,0.0,0.0,0.0006811216007918119,0.013054830022156239,0.02996934950351715,0.10784424841403961,0.26552391052246094,0.3849472105503082,0.1439436972141266,0.030650470405817032,0.012146668508648872,0.004994891583919525,0.0034056080039590597,0.0013622432015836239,0.0014757633907720447,0.19627653062343597,72.63032531738281
C:\Users\Noura\Desktop\ASU UNI TORTURE HELL FIRE\Senior 1\Sem 8\CV\Project\Coin-Counting-System\data\raw\038.jpg,382,667,58,58.0,10568.3173828125,364.42474365234375,0.9915351867675781,1.0,0.9979315400123596,18.449161529541016,110.75093841552734,92.21056365966797,0.03189436346292496,0.9406805634498596,0.009446419775485992,0.0011173184029757977,0.0004062976222485304,0.0,0.0,0.0,0.0,0.0,0.0,0.0002031488111242652,0.0016251904889941216,0.002336211269721389,0.004062976222485304,0.00822752621024847,0.012493651360273361,0.009649568237364292,0.00721178250387311,0.010563737712800503,0.027425087988376617,0.0681564211845398,0.25038090348243713,0.4793296158313751,0.12808531522750854,0.006602336186915636,0.0001015744055621326,0.0,0.0,0.0,0.0,0.0,0.0,0.0,0.0,0.0003047232166863978,0.21747079491615295,0.5026917457580566,0.13489080965518951,0.080243781208992,0.038496699184179306,0.018080243840813637,0.005078720394521952,0.0013204672141000628,0.0008125952444970608,0.0006094464333727956,0.0,0.0,0.13316404819488525,61.8701286315918
C:\Users\Noura\Desktop\ASU UNI TORTURE HELL FIRE\Senior 1\Sem 8\CV\Project\Coin-Counting-System\data\raw\038.jpg,218,593,60,60.0,11309.7333984375,376.9911193847656,0.9855995774269104,1.0,0.9945776462554932,18.046035766601562,61.13138198852539,105.46168518066406,0.08231505006551743,0.8197404742240906,0.06668560951948166,0.02254428341984749,0.003031164174899459,0.000663067155983299,9.472388046560809e-05,0.00037889552186243236,0.00028417163412086666,0.0,0.00018944776093121618,0.0012314104242250323,0.000663067155983299,0.0005683432682417333,0.00037889552186243236,0.0012314104242250323,0.02680685743689537,0.23169460892677307,0.17400777339935303,0.06867481023073196,0.08070474863052368,0.28388747572898865,0.12172018736600876,0.011082693934440613,0.0011366865364834666,0.00018944776093121618,9.472388046560809e-05,0.0,0.0,0.0,0.0,0.0,0.0,0.0,0.0,0.008335701189935207,0.12702472507953644,0.2335890829563141,0.21445485949516296,0.2733731269836426,0.08477786928415298,0.04016292467713356,0.012977171689271927,0.003694231389090419,0.0011366865364834666,0.00018944776093121618,0.00028417163412086666,0.0,0.14094913005828857,62.54786682128906
C:\Users\Noura\Desktop\ASU UNI TORTURE HELL FIRE\Senior 1\Sem 8\CV\Project\Coin-Counting-System\data\raw\039.jpg,302,458,73,73.0,16741.546875,458.6725158691406,0.995776891708374,1.0,1.0,7.4627838134765625,136.69607543945312,92.56851959228516,0.9996205568313599,0.0003161955391988158,0.0,0.0,0.0,0.0,0.0,0.0,0.0,0.0,0.0,0.0,0.0,0.0,0.0,6.323910929495469e-05,0.0,0.0,0.0,0.0,0.002782520605251193,0.012141908518970013,0.03585657477378845,0.17289571464061737,0.4953519403934479,0.21564535796642303,0.04844115674495697,0.011572756804525852,0.0037311073392629623,0.0008221084135584533,0.0005059128743596375,0.00025295643717981875,0.0,0.0,0.0,0.0024030860513448715,0.1434895396232605,0.5604249835014343,0.19123506546020508,0.06500980257987976,0.020552709698677063,0.008600518107414246,0.005248846020549536,0.002719281706959009,0.0003161955391988158,0.0,0.0,0.0,0.11218617856502533,61.07621765136719
C:\Users\Noura\Desktop\ASU UNI TORTURE HELL FIRE\Senior 1\Sem 8\CV\Project\Coin-Counting-System\data\raw\039.jpg,432,619,80,80.0,20106.193359375,502.6548156738281,0.9954766035079956,1.0,0.999029815196991,14.044899940490723,130.4228973388672,109.50588989257812,0.024281751364469528,0.9757182598114014,0.0,0.0,0.0,0.0,0.0,0.0,0.0,0.0,0.0,0.0,0.0,0.0,0.0,0.0,0.0,0.0,0.0,0.0,0.00020932544430252165,0.008791669271886349,0.050290439277887344,0.34946882724761963,0.46287089586257935,0.10440106689929962,0.019624261185526848,0.0036108640488237143,0.0006279763183556497,5.233136107563041e-05,5.233136107563041e-05,0.0,0.0,0.0,0.0,0.00015699407958891243,0.03746925666928291,0.16698937118053436,0.34748023748397827,0.33052489161491394,0.08713171631097794,0.021194200962781906,0.008373018354177475,0.0006803076830692589,0.0,0.0,0.0,0.0,0.1420796513557434,46.49246597290039
C:\Users\Noura\Desktop\ASU UNI TORTURE HELL FIRE\Senior 1\Sem 8\CV\Project\Coin-Counting-System\data\raw\040.jpg,398,823,72,72.0,16286.0166015625,452.38934326171875,0.9926350116729736,1.0,0.9980324506759644,36.04976272583008,57.641578674316406,218.43641662597656,6.504911289084703e-05,0.0006504910998046398,0.15403629839420319,0.8217654228210449,0.010017563588917255,0.004748585168272257,0.005529174581170082,0.0026019643992185593,0.00045534377568401396,0.0,6.504911289084703e-05,0.0,0.0,6.504911289084703e-05,0.0,0.0,0.0052039287984371185,0.04794119670987129,0.09906979650259018,0.5365900993347168,0.2948676347732544,0.01619722880423069,0.00013009822578169405,0.0,0.0,0.0,0.0,0.0,0.0,0.0,0.0,0.0,0.0,0.0,0.0,0.0,0.0,0.0,0.0,0.0,0.0005203929031267762,0.0052039287984371185,0.017693359404802322,0.03480127453804016,0.1589149832725525,0.411630779504776,0.26878294348716736,0.102452352643013,0.17777922749519348,56.7820930480957
C:\Users\Noura\Desktop\ASU UNI TORTURE HELL FIRE\Senior 1\Sem 8\CV\Project\Coin-Counting-System\data\raw\040.jpg,242,702,73,73.0,16741.546875,458.6725158691406,0.995776891708374,1.0,1.0,29.181623458862305,116.16138458251953,202.26251220703125,0.0,0.00018971732060890645,0.9987984299659729,0.001011825748719275,0.0,0.0,0.0,0.0,0.0,0.0,0.0,0.0,0.0,0.0,0.0,0.0,0.0006956301513127983,0.0008853474864736199,0.0013912603026255965,0.0029722379986196756,0.012837538495659828,0.06526275724172592,0.23645101487636566,0.48548662662506104,0.1720736175775528,0.01758047193288803,0.0032251945231109858,0.0008853474864736199,0.00018971732060890645,6.323910929495469e-05,0.0,0.0,0.0,0.0,0.0,0.0,0.0,0.0,6.323910929495469e-05,0.0007588692824356258,0.006703345570713282,0.023524947464466095,0.06595838814973831,0.20160627365112305,0.30708909034729004,0.24492506682872772,0.09441598504781723,0.054954785853624344,0.2222854644060135,69.01274108886719
C:\Users\Noura\Desktop\ASU UNI TORTURE HELL FIRE\Senior 1\Sem 8\CV\Project\Coin-Counting-System\data\raw\040.jpg,522,600,80,80.0,20106.193359375,502.6548156738281,0.9954766035079956,1.0,0.999029815196991,15.4708251953125,75.93663024902344,233.65576171875,0.04338270053267479,0.9065361618995667,0.04830184578895569,0.001203621388413012,0.00031398815917782485,0.00010466272215126082,0.00010466272215126082,0.0,0.0,0.0,0.0,0.0,0.0,0.0,0.0,5.233136107563041e-05,0.006593751721084118,0.03333507850766182,0.12768852710723877,0.21047674119472504,0.18823590874671936,0.1681929975748062,0.1381547898054123,0.08482913672924042,0.039248522371053696,0.003244544379413128,0.0,0.0,0.0,0.0,0.0,0.0,0.0,0.0,0.0,0.0,0.0,0.0,0.0,0.0,0.0,0.0036631952971220016,0.020775550976395607,0.04427233338356018,0.06708880513906479,0.11413469910621643,0.2376367151737213,0.5124287009239197,0.19268406927585602,63.04106140136719
C:\Users\Noura\Desktop\ASU UNI TORTURE HELL FIRE\Senior 1\Sem 8\CV\Project\Coin-Counting-System\data\raw\040.jpg,298,355,82,82.0,21124.068359375,515.22119140625,0.9948731064796448,1.0,0.9995747804641724,35.81435012817383,77.52273559570312,189.76121520996094,0.0,0.0006971764378249645,0.25038594007492065,0.7453314065933228,0.0035854787565767765,0.0,0.0,0.0,0.0,0.0,0.0,0.0,0.0,0.0,0.0,0.0,0.0,0.0010457646567374468,0.016433443874120712,0.0895373746752739,0.48189830780029297,0.33638763427734375,0.06294507533311844,0.010557243600487709,0.0011453613406047225,4.979831646778621e-05,0.0,0.0,0.0,0.0,0.0,0.0,0.0,0.0,0.0,0.0,0.0,0.0,0.00019919326587114483,0.0064737810753285885,0.02977939322590828,0.07708779722452164,0.16109755635261536,0.2859419286251068,0.23355410993099213,0.10029380768537521,0.049499526619911194,0.0560729056596756,0.2517305016517639,87.57969665527344
C:\Users\Noura\Desktop\ASU UNI TORTURE HELL FIRE\Senior 1\Sem 8\CV\Project\Coin-Counting-System\data\raw\040.jpg,106,500,89,89.0,24884.5546875,559.2034912109375,0.9952206015586853,1.0,0.9987525939941406,69.69750213623047,65.9510269165039,202.5327911376953,0.0,0.0010097185149788857,0.1335773468017578,0.2899995744228363,0.041482605040073395,0.012831839732825756,0.009508183225989342,0.010602044872939587,0.3442719578742981,0.15663258731365204,4.2071606003446504e-05,0.0,0.0,0.0,4.2071606003446504e-05,0.0,0.0018090790836140513,0.051285289227962494,0.12053515017032623,0.32403549551963806,0.20059742033481598,0.23374983668327332,0.06723042577505112,0.0007572888862341642,0.0,0.0,0.0,0.0,0.0,0.0,0.0,0.0,0.0,0.0,0.0,0.0,0.0,0.0,0.0,0.0002524296287447214,0.0007572888862341642,0.005721738561987877,0.04215575009584427,0.15263578295707703,0.4490302503108978,0.2714880704879761,0.05494551733136177,0.023013168945908546,0.13252556324005127,58.792259216308594
C:\Users\Noura\Desktop\ASU UNI TORTURE HELL FIRE\Senior 1\Sem 8\CV\Project\Coin-Counting-System\data\raw\041.jpg,348,644,101,101.0,32047.38671875,634.6017456054688,0.9979568123817444,1.0,0.9999687075614929,21.529569625854492,128.23565673828125,125.58470916748047,0.010956855490803719,0.5980101823806763,0.3896348774433136,0.0008778489427641034,0.0003251292509958148,0.0001625646254979074,0.0,0.0,0.0,0.0,0.0,0.0,0.0,0.0,0.0,3.2512922189198434e-05,0.0,0.00013005168875679374,0.0005527196917682886,0.005787300411611795,0.0291966050863266,0.08261533826589584,0.17131058871746063,0.2497967928647995,0.21312221884727478,0.11941996961832047,0.059173520654439926,0.02877393737435341,0.0166466161608696,0.008485873229801655,0.005657248664647341,0.00933120958507061,0.0,0.0001625646254979074,0.013687941245734692,0.09607569128274918,0.1259225606918335,0.129336416721344,0.11769678443670273,0.1094059869647026,0.0863543227314949,0.0697077065706253,0.05397145450115204,0.045257989317178726,0.036609552800655365,0.034658778458833694,0.03150502219796181,0.04964723438024521,0.23197971284389496,126.17024230957031
C:\Users\Noura\Desktop\ASU UNI TORTURE HELL FIRE\Senior 1\Sem 8\CV\Project\Coin-Counting-System\data\raw\042.jpg,392,587,79,79.0,19606.6796875,496.37164306640625,0.997004508972168,1.0,0.9998977780342102,25.38941192626953,79.90416717529297,107.31421661376953,0.11959150433540344,0.7905939221382141,0.015049717389047146,0.0022037087474018335,0.0014512228081002831,0.0007524858810938895,0.0032786885276436806,0.001504971762187779,0.0011824778048321605,0.0048374091275036335,0.007471109740436077,0.001504971762187779,0.0034936845768243074,0.004138672258704901,0.017468422651290894,0.02547702193260193,0.05815640836954117,0.09105079621076584,0.12163396924734116,0.0467078760266304,0.04891158267855644,0.17538295686244965,0.3042730391025543,0.11195915192365646,0.023380812257528305,0.009674818255007267,0.00462241331115365,0.0019349637441337109,0.0009674818720668554,0.0002149959618691355,0.0002687449741642922,0.000859983847476542,0.00010749798093456775,0.0005912389024160802,0.006611126009374857,0.058908894658088684,0.12055899202823639,0.19209890067577362,0.21311475336551666,0.17463047802448273,0.10712174326181412,0.05939263477921486,0.03767804428935051,0.020478365942835808,0.006288632284849882,0.0021499597933143377,0.0002687449741642922,0.0,0.17097555100917816,85.99870300292969
C:\Users\Noura\Desktop\ASU UNI TORTURE HELL FIRE\Senior 1\Sem 8\CV\Project\Coin-Counting-System\data\raw\043.jpg,406,407,89,89.0,24884.5546875,559.2034912109375,0.9952206015586853,1.0,0.9987525939941406,20.071605682373047,88.46358489990234,181.54116821289062,0.0,0.9724431037902832,0.027556901797652245,0.0,0.0,0.0,0.0,0.0,0.0,0.0,0.0,0.0,0.0,0.0,0.0,0.0,0.0,0.0,0.0,0.0,0.11237326264381409,0.7142917513847351,0.17102107405662537,0.0023139382246881723,0.0,0.0,0.0,0.0,0.0,0.0,0.0,0.0,0.0,0.0,0.0,0.0,0.0,0.0,0.0,0.0006310740718618035,0.040641169995069504,0.1682443469762802,0.24990533292293549,0.17367158830165863,0.17825739085674286,0.1456519067287445,0.04295510798692703,4.2071606003446504e-05,0.05179014801979065,23.857074737548828
C:\Users\Noura\Desktop\ASU UNI TORTURE HELL FIRE\Senior 1\Sem 8\CV\Project\Coin-Counting-System\data\raw\043.jpg,257,601,107,107.0,35968.09375,672.3008422851562,0.9984176158905029,1.0,1.0,13.137170791625977,96.53395080566406,95.60171508789062,0.3228965103626251,0.6650876402854919,0.012015828862786293,0.0,0.0,0.0,0.0,0.0,0.0,0.0,0.0,0.0,0.0,0.0,0.0,0.0,0.0,0.0007509893039241433,0.009705091826617718,0.05161607265472412,0.21359868347644806,0.24112533032894135,0.2025071531534195,0.17076340317726135,0.07605210691690445,0.026053551584482193,0.005834609270095825,0.0015886311884969473,0.00025995782925747335,8.665260975249112e-05,2.8884203857160173e-05,2.8884203857160173e-05,0.0,0.0,0.0002021894179051742,0.0668669268488884,0.1855809986591339,0.31070736050605774,0.223361536860466,0.11859853565692902,0.04965194687247276,0.024955950677394867,0.010773807764053345,0.003668293822556734,0.002368504647165537,0.0016463996144011617,0.0010687154717743397,0.0005487998714670539,0.14418993890285492,63.3213005065918
C:\Users\Noura\Desktop\ASU UNI TORTURE HELL FIRE\Senior 1\Sem 8\CV\Project\Coin-Counting-System\data\raw\044.jpg,389,739,74,74.0,17203.361328125,464.9557189941406,0.9956493377685547,1.0,0.9997093081474304,17.891510009765625,88.3187026977539,235.17831420898438,0.000738870759960264,0.9750015139579773,0.02425958961248398,0.0,0.0,0.0,0.0,0.0,0.0,0.0,0.0,0.0,0.0,0.0,0.0,0.0,0.0,0.0,0.00652669183909893,0.052459824830293655,0.17849886417388916,0.42164891958236694,0.31168031692504883,0.0291238222271204,6.15725657553412e-05,0.0,0.0,0.0,0.0,0.0,0.0,0.0,0.0,0.0,0.0,0.0,0.0,0.0,0.0,0.0,6.15725657553412e-05,0.0003078628215007484,0.0018471769290044904,0.004433224443346262,0.007203990127891302,0.12770149111747742,0.4923957884311676,0.3660489022731781,0.12431500852108002,43.40846252441406
C:\Users\Noura\Desktop\ASU UNI TORTURE HELL FIRE\Senior 1\Sem 8\CV\Project\Coin-Counting-System\data\raw\044.jpg,298,590,94,94.0,27759.11328125,590.6194458007812,0.9978712201118469,1.0,1.0,16.21584701538086,71.8795394897461,226.4394073486328,0.020139280706644058,0.9547901153564453,0.02507058158516884,0.0,0.0,0.0,0.0,0.0,0.0,0.0,0.0,0.0,0.0,0.0,0.0,0.0,0.0,0.0026726897340267897,0.06038019806146622,0.3415772616863251,0.23786938190460205,0.2961791753768921,0.046677958220243454,0.0013928101398050785,0.0013551665470004082,0.0010163749102503061,0.0017316017765551805,0.0021456803660839796,0.0018068887293338776,0.0019574628677219152,0.0013175230706110597,0.001919819274917245,0.0,0.0,0.0,3.7643516407115385e-05,0.00015057406562846154,0.00018821758567355573,0.0004517221823334694,0.0011293054558336735,0.0018068887293338776,0.0033879163675010204,0.01215885579586029,0.06049313023686409,0.15373611450195312,0.17605872452259064,0.19642387330532074,0.3939770460128784,0.1672501415014267,81.16832733154297
C:\Users\Noura\Desktop\ASU UNI TORTURE HELL FIRE\Senior 1\Sem 8\CV\Project\Coin-Counting-System\data\raw\045.jpg,269,578,72,72.0,16286.0166015625,452.38934326171875,0.9925456643104553,1.0,0.9979408979415894,18.532882690429688,132.61256408691406,104.93540954589844,0.0007805893546901643,0.998438835144043,0.0007805893546901643,0.0,0.0,0.0,0.0,0.0,0.0,0.0,0.0,0.0,0.0,0.0,0.0,0.0,0.0,6.504911289084703e-05,0.00013009822578169405,0.0016912769060581923,0.005854419898241758,0.0223768949508667,0.06420347094535828,0.2484225630760193,0.44610682129859924,0.1531256139278412,0.03831392526626587,0.014766148291528225,0.00383789767511189,0.0006504910998046398,0.00045534377568401396,0.0,0.0,0.0,0.0,0.000585442001465708,0.03148376941680908,0.23833994567394257,0.438235878944397,0.22747674584388733,0.03902946785092354,0.014701099134981632,0.006635009311139584,0.002081571612507105,0.0007805893546901643,0.000585442001465708,6.504911289084703e-05,0.0,0.13998569548130035,62.846343994140625
C:\Users\Noura\Desktop\ASU UNI TORTURE HELL FIRE\Senior 1\Sem 8\CV\Project\Coin-Counting-System\data\raw\045.jpg,262,353,73,73.0,16741.546875,458.6725158691406,0.995776891708374,1.0,1.0,9.213685035705566,160.57484436035156,122.11958312988281,0.9927907586097717,0.0072092581540346146,0.0,0.0,0.0,0.0,0.0,0.0,0.0,0.0,0.0,0.0,0.0,0.0,0.0,0.0,0.0,0.0,0.0,0.0,0.00018971732060890645,0.0009485866175964475,0.003667868208140135,0.028331119567155838,0.12451779842376709,0.29987984895706177,0.3555935025215149,0.1568329781293869,0.025169163942337036,0.0039840638637542725,0.0006956301513127983,0.00018971732060890645,0.0,0.0,0.0,0.0,0.00012647821858990937,0.029216468334197998,0.27085310220718384,0.35274773836135864,0.23632454872131348,0.08322266489267349,0.021880730986595154,0.0046164547093212605,0.0008853474864736199,0.00012647821858990937,0.0,0.0,0.17542527616024017,46.23525619506836
C:\Users\Noura\Desktop\ASU UNI TORTURE HELL FIRE\Senior 1\Sem 8\CV\Project\Coin-Counting-System\data\raw\045.jpg,509,600,89,89.0,24884.5546875,559.2034912109375,0.9952206015586853,1.0,0.9987525939941406,16.611637115478516,94.42601776123047,126.76448059082031,0.026463039219379425,0.9702553749084473,0.0032815851736813784,0.0,0.0,0.0,0.0,0.0,0.0,0.0,0.0,0.0,0.0,0.0,0.0,0.0,0.0,0.0,0.00029450125293806195,0.03117506019771099,0.3240775763988495,0.17863604426383972,0.16975893080234528,0.2573099434375763,0.031974419951438904,0.004627876449376345,0.0014304346404969692,0.00042071606731042266,0.00029450125293806195,0.0,0.0,0.0,0.0,0.0,0.0,0.0,0.0001262148143723607,0.010307542979717255,0.11561277508735657,0.4246707856655121,0.3142749071121216,0.12095586955547333,0.010728259570896626,0.0017249358352273703,0.0005048592574894428,0.00042071606731042266,0.00033657284802757204,0.00033657284802757204,0.11342504620552063,45.499149322509766
C:\Users\Noura\Desktop\ASU UNI TORTURE HELL FIRE\Senior 1\Sem 8\CV\Project\Coin-Counting-System\data\raw\046.jpg,456,600,101,101.0,32047.38671875,634.6017456054688,0.9979568123817444,1.0,0.9999687075614929,18.61478614807129,131.6705780029297,121.2977523803711,0.05972624197602272,0.6424878835678101,0.2959326207637787,0.0018532366957515478,0.0,0.0,0.0,0.0,0.0,0.0,0.0,0.0,0.0,0.0,0.0,0.0,0.0,0.0,0.0,0.0,0.011021881364285946,0.09210911393165588,0.15885815024375916,0.2047663927078247,0.19611795246601105,0.15889066457748413,0.11506323516368866,0.04639594256877899,0.011932242661714554,0.0026985725853592157,0.0015931333182379603,0.0005527196917682886,0.0,0.0,0.00013005168875679374,0.003966576885432005,0.03989335894584656,0.20031212270259857,0.22684267163276672,0.1596059501171112,0.11324251443147659,0.09773384779691696,0.09035341441631317,0.05176057666540146,0.0090385926887393,0.0036414475180208683,0.0017231849487870932,0.0017556978855282068,0.18360048532485962,66.62462615966797
C:\Users\Noura\Desktop\ASU UNI TORTURE HELL FIRE\Senior 1\Sem 8\CV\Project\Coin-Counting-System\data\raw\046.jpg,264,464,109,109.0,37325.26171875,684.8671875,0.9986976981163025,1.0,1.0,13.780936241149902,129.66085815429688,86.92225646972656,0.1604316681623459,0.8365644216537476,0.002892665332183242,0.0,0.0,0.0,0.0,0.0,0.0,0.0,0.0,0.0,0.0,0.0,0.0,0.00011125636228825897,0.0,0.0,0.0,0.001029121340252459,0.007259477861225605,0.02097182348370552,0.10633327066898346,0.35927459597587585,0.2943565249443054,0.1422690749168396,0.05014880374073982,0.01382360327988863,0.0034211331512778997,0.0006953522679395974,0.00027814091299660504,0.00013907045649830252,0.0,0.0,5.5628181144129485e-05,0.03791060671210289,0.3849470019340515,0.3594971299171448,0.11142324656248093,0.049536895006895065,0.02661808393895626,0.014880538918077946,0.008010458201169968,0.003393318969756365,0.0012794481590390205,0.0011681917821988463,0.0008344227098859847,0.0004450254491530359,0.1462186723947525,68.0836181640625
C:\Users\Noura\Desktop\ASU UNI TORTURE HELL FIRE\Senior 1\Sem 8\CV\Project\Coin-Counting-System\data\raw\046.jpg,497,374,109,109.0,37325.26171875,684.8671875,0.9986976981163025,1.0,1.0,50.74397277832031,46.404972076416016,186.41470336914062,0.006063471548259258,0.425138384103775,0.0664200484752655,0.01832948625087738,0.016410313546657562,0.04024698957800865,0.09812811017036438,0.14927822351455688,0.1630183905363083,0.006619753781706095,0.0043668122962117195,0.001001307275146246,0.0013628904707729816,0.0001946986303664744,0.000973493151832372,0.0024476400576531887,0.3133535385131836,0.2066030651330948,0.018718883395195007,0.056212276220321655,0.1494729220867157,0.1656050980091095,0.07721191644668579,0.012238199822604656,0.0005562818259932101,2.7814090572064742e-05,0.0,0.0,0.0,0.0,0.0,0.0,0.0,0.0,0.0,0.0,2.7814090572064742e-05,0.0003893972607329488,0.0039774151518940926,0.017550691962242126,0.049397826194763184,0.12902957201004028,0.17770422995090485,0.17617444694042206,0.17027786374092102,0.1527549922466278,0.1113676205277443,0.011348148807883263,0.19486552476882935,64.9776611328125
C:\Users\Noura\Desktop\ASU UNI TORTURE HELL FIRE\Senior 1\Sem 8\CV\Project\Coin-Counting-System\data\raw\047.jpg,492,593,80,80.0,20106.193359375,502.6548156738281,0.9954766035079956,1.0,0.999029815196991,6.447590351104736,94.8643569946289,178.92474365234375,0.9883301258087158,0.00010466272215126082,0.0,0.0,0.0,0.0,0.0,0.0,0.0,0.0,0.0,0.0,0.0,0.0,0.0,0.011565230786800385,0.0006279763183556497,0.006541420239955187,0.04542362317442894,0.09869694709777832,0.14903971552848816,0.16897797584533691,0.22842639684677124,0.1994348168373108,0.07499083876609802,0.02040923200547695,0.005337798967957497,0.0015699408249929547,0.0002616568235680461,0.0002616568235680461,0.0,0.0,0.0,0.0,5.233136107563041e-05,0.00010466272215126082,0.0009942959295585752,0.008111361414194107,0.03527133911848068,0.058715786784887314,0.12439164519309998,0.15882568061351776,0.12392066419124603,0.1070176362991333,0.0939871296286583,0.08802135288715363,0.0923648551106453,0.10822125524282455,0.2737453579902649,120.98031616210938
C:\Users\Noura\Desktop\ASU UNI TORTURE HELL FIRE\Senior 1\Sem 8\CV\Project\Coin-Counting-System\data\raw\047.jpg,250,432,89,89.0,24884.5546875,559.2034912109375,0.9952206015586853,1.0,0.9987525939941406,18.107872009277344,109.7403793334961,110.8604507446289,0.0001262148143723607,0.9955824613571167,0.004291303921490908,0.0,0.0,0.0,0.0,0.0,0.0,0.0,0.0,0.0,0.0,0.0,0.0,0.0,0.0,0.0,0.00046278766239993274,0.009003323502838612,0.04766713082790375,0.13883629441261292,0.3459548056125641,0.31578946113586426,0.10366443544626236,0.028482476249337196,0.007320459466427565,0.001935293897986412,0.00046278766239993274,0.0002524296287447214,0.0001262148143723607,4.2071606003446504e-05,0.0,0.0,0.0,0.0011359333293512464,0.03327864035964012,0.25651058554649353,0.3091842234134674,0.20623500645160675,0.09390382468700409,0.04716227203607559,0.02894526533782482,0.012284909375011921,0.007110101170837879,0.002229795092716813,0.001262148143723607,0.0007572888862341642,0.19937734305858612,88.02549743652344
C:\Users\Noura\Desktop\ASU UNI TORTURE HELL FIRE\Senior 1\Sem 8\CV\Project\Coin-Counting-System\data\raw\047.jpg,276,677,92,92.0,26590.439453125,578.0530395507812,0.9977952837944031,1.0,1.0,88.1875,66.21363830566406,82.4597396850586,0.26244843006134033,0.2502259910106659,0.0,0.0,0.0,0.0,0.0,0.0,0.0,0.0,0.0,0.004047946538776159,0.007624287623912096,0.02939673885703087,0.06295932084321976,0.38329729437828064,0.0022794262040406466,0.09789742529392242,0.18278640508651733,0.24201218783855438,0.07066221535205841,0.2550206184387207,0.1316172182559967,0.01579878106713295,0.001650618971325457,0.00023580271226819605,3.930045204469934e-05,0.0,0.0,0.0,0.0,0.0,0.0,0.0,0.002751031657680869,0.11015916615724564,0.3614855706691742,0.287207692861557,0.20746707916259766,0.026292001828551292,0.003104735631495714,0.001061112154275179,0.00035370406112633646,0.00011790135613409802,0.0,0.0,0.0,0.0,0.08025152236223221,36.006404876708984
C:\Users\Noura\Desktop\ASU UNI TORTURE HELL FIRE\Senior 1\Sem 8\CV\Project\Coin-Counting-System\data\raw\048.jpg,389,559,79,79.0,19606.6796875,496.37164306640625,0.997004508972168,1.0,0.9998977780342102,9.453695297241211,129.3245391845703,146.02676391601562,0.7988712787628174,0.20069873332977295,0.0003224939573556185,0.0,0.0,0.0,0.0,0.0,0.0,0.0,0.0,0.0,0.0,0.0,0.0,0.00010749798093456775,0.0,0.0,0.0,0.0005374899483285844,0.009137328714132309,0.05337274819612503,0.13786616921424866,0.30518677830696106,0.2865896224975586,0.11421661078929901,0.04525665193796158,0.022037087008357048,0.012201021425426006,0.00730986287817359,0.003386186435818672,0.0029024456162005663,0.0,0.0,5.3748990467283875e-05,0.011609782464802265,0.0927170142531395,0.1380811631679535,0.1277076005935669,0.09852190315723419,0.08116097748279572,0.07175490260124207,0.07363612204790115,0.05622144415974617,0.05052405223250389,0.044450417160987854,0.05364149436354637,0.0999193787574768,0.20677237212657928,98.11416625976562
C:\Users\Noura\Desktop\ASU UNI TORTURE HELL FIRE\Senior 1\Sem 8\CV\Project\Coin-Counting-System\data\raw\049.jpg,407,607,82,82.0,21124.068359375,515.22119140625,0.9949256777763367,1.0,0.9996455907821655,11.028634071350098,181.6829376220703,108.89318084716797,0.672127902507782,0.32782232761383057,4.979831646778621e-05,0.0,0.0,0.0,0.0,0.0,0.0,0.0,0.0,0.0,0.0,0.0,0.0,0.0,0.0,0.0,0.00024899159325286746,0.0005975798121653497,0.0017927393782883883,0.003336487337946892,0.003983865492045879,0.007270554080605507,0.021413275972008705,0.06862208247184753,0.22937104105949402,0.38603654503822327,0.1901797652244568,0.05691947788000107,0.019620535895228386,0.010607041418552399,0.0,9.959663293557242e-05,0.0006971764378249645,0.002738907467573881,0.026891091838479042,0.16348788142204285,0.41745927929878235,0.2707534432411194,0.08475673198699951,0.01912255398929119,0.007121159229427576,0.004232856910675764,0.0016433444106951356,0.0007967730634845793,0.00014939495304133743,4.979831646778621e-05,0.1326129138469696,56.2069091796875
C:\Users\Noura\Desktop\ASU UNI TORTURE HELL FIRE\Senior 1\Sem 8\CV\Project\Coin-Counting-System\data\raw\049.jpg,281,720,88,88.0,24328.494140625,552.9202880859375,0.9968896508216858,1.0,0.9999589323997498,10.40991497039795,180.4600067138672,85.74264526367188,0.7592712044715881,0.23530171811580658,0.003876469796523452,0.0011629409855231643,0.00030150319798849523,4.3071886466350406e-05,0.0,0.0,0.0,0.0,0.0,0.0,0.0,0.0,0.0,4.3071886466350406e-05,8.614377293270081e-05,0.0014213722897693515,0.004134901333600283,0.003833397990092635,0.00620235176756978,0.014644441194832325,0.02584313228726387,0.03501744568347931,0.044493257999420166,0.08127664774656296,0.16298401355743408,0.23444028198719025,0.18809492886066437,0.09712710231542587,0.04776672273874283,0.05263384431600571,0.0,0.00038764698547311127,0.011155618354678154,0.1319722682237625,0.3840720057487488,0.2537364959716797,0.08429168164730072,0.04776672273874283,0.03040875308215618,0.019382348284125328,0.01477365754544735,0.011241762898862362,0.00620235176756978,0.002842744579538703,0.0012490847148001194,0.0005168626667000353,0.1824525147676468,113.53946685791016
C:\Users\Noura\Desktop\ASU UNI TORTURE HELL FIRE\Senior 1\Sem 8\CV\Project\Coin-Counting-System\data\raw\050.jpg,485,790,61,61.0,11689.8662109375,383.2742919921875,0.9884719252586365,1.0,0.9964035153388977,11.028223037719727,153.20526123046875,102.6493148803711,0.6781820058822632,0.3218180239200592,0.0,0.0,0.0,0.0,0.0,0.0,0.0,0.0,0.0,0.0,0.0,0.0,0.0,0.0,0.0,0.0,0.00036653532879427075,0.003115550149232149,0.007147438824176788,0.02474113367497921,0.02629891037940979,0.028039952740073204,0.1015302836894989,0.39998167753219604,0.3333638906478882,0.06698433309793472,0.007605608087033033,0.0005498029640875757,0.00018326766439713538,9.163383219856769e-05,0.0,0.0,0.0,0.0009163382928818464,0.05094841122627258,0.33208099007606506,0.32420048117637634,0.20920003950595856,0.06991661339998245,0.012553835287690163,0.00018326766439713538,0.0,0.0,0.0,0.0,0.0,0.13662603497505188,40.181522369384766
C:\Users\Noura\Desktop\ASU UNI TORTURE HELL FIRE\Senior 1\Sem 8\CV\Project\Coin-Counting-System\data\raw\050.jpg,197,264,65,65.0,13273.228515625,408.40704345703125,0.9855778217315674,1.0,0.9954914450645447,10.723198890686035,150.20838928222656,88.10375213623047,0.8988998532295227,0.09756685048341751,0.0,0.0,0.0,0.0,0.0,0.0,0.0,0.0,0.0,0.0,0.0,0.0,0.0,0.0035332851111888885,0.0,0.004416606388986111,0.0053802295587956905,0.005781739484518766,0.0041757007129490376,0.007387778256088495,0.0146149517968297,0.03292379528284073,0.13988597691059113,0.4855858087539673,0.27977195382118225,0.01903155818581581,0.0009636232280172408,8.03019356681034e-05,0.0,0.0,0.0,0.0,0.0009636232280172408,0.012527101673185825,0.11659841239452362,0.7162932753562927,0.14438287913799286,0.008833212777972221,0.00040150966378860176,0.0,0.0,0.0,0.0,0.0,0.0,0.0,0.03388741612434387,29.78572654724121
C:\Users\Noura\Desktop\ASU UNI TORTURE HELL FIRE\Senior 1\Sem 8\CV\Project\Coin-Counting-System\data\raw\051.jpg,450,464,82,82.0,21124.068359375,515.22119140625,0.9948731064796448,1.0,0.9995747804641724,19.645036697387695,136.70529174804688,143.47666931152344,0.032717492431402206,0.777501106262207,0.18719187378883362,0.0021413275972008705,4.979831646778621e-05,0.0,0.0,0.0,0.0,0.0,0.0,0.0,0.0,0.0,0.0,0.00039838653174228966,0.0,0.0,0.00019919326587114483,0.003286688821390271,0.01488969661295414,0.04432050138711929,0.13794133067131042,0.2533738315105438,0.2228972613811493,0.1297246217727661,0.07190877199172974,0.04342413321137428,0.02878342755138874,0.021463073790073395,0.011154823005199432,0.01663263700902462,0.0,0.00024899159325286746,0.004481848329305649,0.037149544805288315,0.07260594516992569,0.08251581341028214,0.08395995944738388,0.08729644864797592,0.09406901895999908,0.10816194117069244,0.13316069543361664,0.13863851130008698,0.09591155499219894,0.04476868733763695,0.014242318458855152,0.002788705751299858,0.2923659086227417,105.45574951171875
C:\Users\Noura\Desktop\ASU UNI TORTURE HELL FIRE\Senior 1\Sem 8\CV\Project\Coin-Counting-System\data\raw\051.jpg,319,580,83,83.0,21642.431640625,521.50439453125,0.9935168623924255,1.0,0.9987030029296875,11.343611717224121,155.31826782226562,67.3177261352539,0.5563055276870728,0.44301462173461914,0.00038848150870762765,0.0,0.0,0.0,0.0,0.0,0.0,0.0,0.0,0.0,0.0,0.0,0.0,0.0002913611533585936,0.0,0.0,0.0,0.0,0.002525129821151495,0.014956538565456867,0.035351820290088654,0.06769290566444397,0.15879182517528534,0.296411395072937,0.24275238811969757,0.1163502186536789,0.042344484478235245,0.014276696369051933,0.0054873013868927956,0.0030592919792979956,0.0,0.0005341620999388397,0.040062155574560165,0.4339338541030884,0.35410091280937195,0.11265964061021805,0.039382316172122955,0.013936774805188179,0.004370416980236769,0.0008255232241936028,0.0001456805766792968,4.856018858845346e-05,0.0,0.0,0.0,0.0,0.1293157935142517,45.053672790527344
C:\Users\Noura\Desktop\ASU UNI TORTURE HELL FIRE\Senior 1\Sem 8\CV\Project\Coin-Counting-System\data\raw\051.jpg,205,706,84,84.0,22167.078125,527.7875366210938,0.9946008324623108,1.0,0.9984641671180725,12.885644912719727,144.4019775390625,61.778018951416016,0.27524763345718384,0.723946750164032,0.0006634756573475897,0.00014217336138244718,0.0,0.0,0.0,0.0,0.0,0.0,0.0,0.0,0.0,0.0,0.0,0.0,0.0,0.0,0.0004265200695954263,0.0012321691028773785,0.0033173782285302877,0.006492583081126213,0.023979905992746353,0.12260082364082336,0.2818823754787445,0.392967164516449,0.14193640649318695,0.019146012142300606,0.005023458506911993,0.0009004312450997531,9.478224092163146e-05,0.0,0.0,0.0,0.011752997525036335,0.592199444770813,0.3692716062068939,0.02094687521457672,0.005734325386583805,9.478224092163146e-05,0.0,0.0,0.0,0.0,0.0,0.0,0.0,0.0,0.03397943079471588,26.226381301879883
C:\Users\Noura\Desktop\ASU UNI TORTURE HELL FIRE\Senior 1\Sem 8\CV\Project\Coin-Counting-System\data\raw\051.jpg,206,443,85,85.0,22698.0078125,534.0707397460938,0.9964677095413208,1.0,0.9996472597122192,21.182302474975586,117.1871109008789,77.61491394042969,0.054047804325819016,0.5640575289726257,0.37056729197502136,0.010079060681164265,0.0007859817706048489,0.00023117111413739622,4.623422137228772e-05,4.623422137228772e-05,0.0,0.0,0.0,0.0,0.0,0.0,0.0,0.00013870267139282078,0.0007859817706048489,0.0024966481141746044,0.006195385940372944,0.03213278576731682,0.07244902849197388,0.1324610412120819,0.22294142842292786,0.19843728840351105,0.13865643739700317,0.09117388725280762,0.04937814921140671,0.02681584842503071,0.011419853195548058,0.005363169591873884,0.003513800911605358,0.005779277998954058,0.0,0.002034305827692151,0.05414027348160744,0.2784687280654907,0.32872530817985535,0.1341254860162735,0.0797078013420105,0.05603587627410889,0.0379582978785038,0.016736788675189018,0.007859817706048489,0.00379120628349483,0.0004161079996265471,0.0,0.0,0.0,0.21873410046100616,90.66889953613281
C:\Users\Noura\Desktop\ASU UNI TORTURE HELL FIRE\Senior 1\Sem 8\CV\Project\Coin-Counting-System\data\raw\052.jpg,155,430,76,76.0,18145.83984375,477.5220947265625,0.9974105954170227,1.0,0.999778687953949,26.778339385986328,107.24486541748047,137.86256408691406,0.0012214273447170854,0.1957191824913025,0.6572442054748535,0.14569883048534393,0.00011632640962488949,0.0,0.0,0.0,0.0,0.0,0.0,0.0,0.0,0.0,0.0,0.0,0.0,0.0,0.0,0.00011632640962488949,0.032455068081617355,0.30337926745414734,0.30570581555366516,0.2006049007177353,0.09852847456932068,0.03763159364461899,0.01302855834364891,0.004769382998347282,0.0018612225539982319,0.001046937657520175,0.0005234688287600875,0.0003489792288746685,0.0,5.8163204812444746e-05,0.00011632640962488949,0.0011632641544565558,0.011632640846073627,0.04472750425338745,0.10957948118448257,0.15919269621372223,0.20130285620689392,0.26615482568740845,0.17466410994529724,0.029605071991682053,0.0015122434124350548,0.00029081603861413896,0.0,0.0,0.18879777193069458,60.78955841064453
C:\Users\Noura\Desktop\ASU UNI TORTURE HELL FIRE\Senior 1\Sem 8\CV\Project\Coin-Counting-System\data\raw\052.jpg,509,500,78,78.0,19113.44921875,490.08843994140625,0.9947661757469177,1.0,0.9987941980361938,11.51591682434082,106.82968139648438,209.6168212890625,0.46769654750823975,0.5323034524917603,0.0,0.0,0.0,0.0,0.0,0.0,0.0,0.0,0.0,0.0,0.0,0.0,0.0,0.0,0.0,0.0,0.0,0.002096551703289151,0.06157241389155388,0.27211034297943115,0.33754482865333557,0.1841103434562683,0.07724137604236603,0.03453793004155159,0.012799999676644802,0.006620689760893583,0.0031448276713490486,0.0022620689123868942,0.0016551724402233958,0.0043034483678638935,0.0,0.0,0.0,0.0004965517437085509,0.0019310344941914082,0.0031999999191612005,0.00584827596321702,0.009158620610833168,0.019475862383842468,0.04171034321188927,0.06388965249061584,0.10052413493394852,0.1484689712524414,0.19691035151481628,0.25390344858169556,0.15448275208473206,0.27696552872657776,101.80664825439453
C:\Users\Noura\Desktop\ASU UNI TORTURE HELL FIRE\Senior 1\Sem 8\CV\Project\Coin-Counting-System\data\raw\052.jpg,288,756,80,80.0,20106.193359375,502.6548156738281,0.9954766035079956,1.0,0.999029815196991,15.694541931152344,142.25418090820312,76.84933471679688,0.006541420239955187,0.9871788024902344,0.005965775344520807,0.00031398815917782485,0.0,0.0,0.0,0.0,0.0,0.0,0.0,0.0,0.0,0.0,0.0,0.0,0.0,0.0010466272942721844,0.003244544379413128,0.00392485223710537,0.0033492071088403463,0.005861112382262945,0.015333089046180248,0.07122298330068588,0.3930085301399231,0.4254016578197479,0.0629546269774437,0.011983881704509258,0.0020409231074154377,0.0004186508886050433,0.00015699407958891243,5.233136107563041e-05,0.0,0.0,0.0013082840014249086,0.033544402569532394,0.6689518094062805,0.2614474892616272,0.024648072198033333,0.008844000287353992,0.0011512900236994028,0.00010466272215126082,0.0,0.0,0.0,0.0,0.0,0.0,0.0441153384745121,37.63911056518555
C:\Users\Noura\Desktop\ASU UNI TORTURE HELL FIRE\Senior 1\Sem 8\CV\Project\Coin-Counting-System\data\raw\052.jpg,355,595,89,89.0,24884.5546875,559.2034912109375,0.9952206015586853,1.0,0.9987525939941406,15.14489459991455,150.60205078125,90.82881164550781,0.006815600208938122,0.9931843876838684,0.0,0.0,0.0,0.0,0.0,0.0,0.0,0.0,0.0,0.0,0.0,0.0,0.0,0.0,0.0,0.0,8.414321200689301e-05,8.414321200689301e-05,0.0005890025058761239,0.0041650887578725815,0.012958054430782795,0.046993982046842575,0.22811225056648254,0.4562665522098541,0.1918044537305832,0.04615255072712898,0.00971854105591774,0.002145651960745454,0.0005890025058761239,0.00033657284802757204,0.0,0.0,0.0001262148143723607,0.004249232355505228,0.15128949284553528,0.5494130849838257,0.24876940250396729,0.032984137535095215,0.008624679408967495,0.0031553704757243395,0.0008835037006065249,0.0005048592574894428,0.0,0.0,0.0,0.0,0.055408306419849396,39.608970642089844
C:\Users\Noura\Desktop\ASU UNI TORTURE HELL FIRE\Senior 1\Sem 8\CV\Project\Coin-Counting-System\data\raw\052.jpg,348,396,92,92.0,26590.439453125,578.0530395507812,0.9978391528129578,1.0,1.0,14.866968154907227,137.0343017578125,136.2358856201172,0.10831204801797867,0.8895657062530518,0.002122224308550358,0.0,0.0,0.0,0.0,0.0,0.0,0.0,0.0,0.0,0.0,0.0,0.0,0.0,0.0,0.0,0.0,7.860090408939868e-05,0.0009432108490727842,0.01406956184655428,0.11106307804584503,0.23218707740306854,0.3018667697906494,0.1889958679676056,0.08767931163311005,0.03749263286590576,0.015995284542441368,0.005580664146691561,0.002200825372710824,0.001847121282480657,0.0,0.0,7.860090408939868e-05,0.001061112154275179,0.02008253149688244,0.10359599441289902,0.14537237584590912,0.13613677024841309,0.1364118754863739,0.17822754383087158,0.17767734825611115,0.07514246553182602,0.021065041422843933,0.004205148201435804,0.000903910375200212,3.930045204469934e-05,0.2300255447626114,65.87432861328125
C:\Users\Noura\Desktop\ASU UNI TORTURE HELL FIRE\Senior 1\Sem 8\CV\Project\Coin-Counting-System\data\raw\052.jpg,166,623,94,94.0,27759.11328125,590.6194458007812,0.9978712201118469,1.0,1.0,26.704158782958984,101.91838836669922,92.54278564453125,0.06433276832103729,0.22507058084011078,0.5120270848274231,0.18998682498931885,0.0070016938261687756,0.0005270092515274882,0.0,0.0,0.0,0.0,0.0,0.0,0.0,0.0,7.528703281423077e-05,0.0009787314338609576,7.528703281423077e-05,0.00037643517134711146,0.010878976434469223,0.052136268466711044,0.1607378125190735,0.26836061477661133,0.20538301765918732,0.13118764758110046,0.07649162411689758,0.04095614701509476,0.0234519112855196,0.012422360479831696,0.006248823832720518,0.004253717139363289,0.0022962545044720173,0.004743082914501429,0.00011293054558336735,0.0024844720028340816,0.1002446860074997,0.24938829243183136,0.1780538260936737,0.09422171860933304,0.06519857048988342,0.05797101557254791,0.06549971550703049,0.07792207598686218,0.060417842119932175,0.033276867121458054,0.010351967066526413,0.0031620552763342857,0.0013551665470004082,0.00033879163675010204,0.19284772872924805,114.20995330810547
C:\Users\Noura\Desktop\ASU UNI TORTURE HELL FIRE\Senior 1\Sem 8\CV\Project\Coin-Counting-System\data\raw\053.jpg,353,499,66,66.0,13684.77734375,414.6902160644531,0.9914119243621826,1.0,0.997951090335846,20.078813552856445,130.81466674804688,103.77942657470703,0.0031899167224764824,0.8317902684211731,0.16501984000205994,0.0,0.0,0.0,0.0,0.0,0.0,0.0,0.0,0.0,0.0,0.0,0.0,0.0,0.0,0.0,0.00023340854386333376,0.005601805169135332,0.03508908301591873,0.079203300178051,0.16727612912654877,0.23574262857437134,0.19380688667297363,0.12370652705430984,0.06652143597602844,0.03431105613708496,0.021395783871412277,0.011359215714037418,0.008402707986533642,0.017350034788250923,0.0,0.000933634175453335,0.014704737812280655,0.095775306224823,0.1990196853876114,0.19209523499011993,0.15980705618858337,0.11149147897958755,0.07321248203516006,0.05220571160316467,0.037345368415117264,0.024896910414099693,0.016182992607355118,0.011048004031181335,0.007391270715743303,0.003890142310410738,0.23084105551242828,120.97187805175781
C:\Users\Noura\Desktop\ASU UNI TORTURE HELL FIRE\Senior 1\Sem 8\CV\Project\Coin-Counting-System\data\raw\054.jpg,227,478,76,76.0,18145.83984375,477.5220947265625,0.9974105954170227,1.0,0.999778687953949,9.175013542175293,165.47694396972656,102.64543914794922,0.9914500117301941,0.008549991063773632,0.0,0.0,0.0,0.0,0.0,0.0,0.0,0.0,0.0,0.0,0.0,0.0,0.0,0.0,0.0,0.0,5.8163204812444746e-05,0.00023265281924977899,0.00017448961443733424,0.0005234688287600875,0.01035305019468069,0.04100506007671356,0.12080498039722443,0.2202059030532837,0.2569650411605835,0.23986506462097168,0.08125399798154831,0.01744896173477173,0.007037748116999865,0.004071424249559641,0.0,0.0,0.0,0.014424474909901619,0.21392427384853363,0.1678590178489685,0.21153958141803741,0.24480892717838287,0.10882335901260376,0.030768336728215218,0.0066887685097754,0.001046937657520175,0.00011632640962488949,0.0,0.0,0.0,0.1707671731710434,51.44486999511719
C:\Users\Noura\Desktop\ASU UNI TORTURE HELL FIRE\Senior 1\Sem 8\CV\Project\Coin-Counting-System\data\raw\054.jpg,552,478,92,92.0,26590.439453125,578.0530395507812,0.9978391528129578,1.0,1.0,16.36058235168457,92.83934020996094,126.95205688476562,0.026763608679175377,0.9687954187393188,0.004440951161086559,0.0,0.0,0.0,0.0,0.0,0.0,0.0,0.0,0.0,0.0,0.0,0.0,0.0,0.0,0.0,0.004283749032765627,0.13515424728393555,0.27498525381088257,0.12065238505601883,0.12446453422307968,0.26181960105895996,0.07050500810146332,0.005973668769001961,0.0018864216981455684,0.000275103171588853,0.0,0.0,0.0,0.0,0.0,0.0,0.0,0.0,7.860090408939868e-05,0.019807428121566772,0.1391236037015915,0.3539791703224182,0.3360581696033478,0.13609746098518372,0.0141874635592103,0.0004716054245363921,0.00011790135613409802,7.860090408939868e-05,0.0,0.0,0.10791904479265213,36.8607177734375
C:\Users\Noura\Desktop\ASU UNI TORTURE HELL FIRE\Senior 1\Sem 8\CV\Project\Coin-Counting-System\data\raw\055.jpg,60,677,47,47.0,6939.7783203125,295.3097229003906,0.9866982698440552,1.0,0.9965606331825256,12.847823143005371,46.18487548828125,135.59378051757812,0.33453860878944397,0.6616883873939514,0.0037729917094111443,0.0,0.0,0.0,0.0,0.0,0.0,0.0,0.0,0.0,0.0,0.0,0.0,0.0,0.00031441598548553884,0.11381857842206955,0.4738248586654663,0.3104857802391052,0.08536393940448761,0.012419430539011955,0.0026725358329713345,0.0011004558764398098,0.0,0.0,0.0,0.0,0.0,0.0,0.0,0.0,0.0,0.0,0.0,0.0022009117528796196,0.015249175019562244,0.0521930530667305,0.1127181276679039,0.17072787880897522,0.22920924425125122,0.23282502591609955,0.15799403190612793,0.02672535739839077,0.00015720799274276942,0.0,0.0,0.0,0.26442384719848633,56.73637390136719
C:\Users\Noura\Desktop\ASU UNI TORTURE HELL FIRE\Senior 1\Sem 8\CV\Project\Coin-Counting-System\data\raw\055.jpg,667,362,47,47.0,6939.7783203125,295.3097229003906,0.9866982698440552,1.0,0.9965606331825256,48.882564544677734,15.326363563537598,134.05580139160156,0.5126552581787109,0.15940889716148376,0.0375727079808712,0.004716239403933287,0.003930199425667524,0.0022009117528796196,0.009118063375353813,0.0017292879056185484,0.003458575811237097,0.014777550473809242,0.04244615510106087,0.014305926859378815,0.02232353389263153,0.013205470517277718,0.06382644176483154,0.09432478994131088,0.588586688041687,0.34554314613342285,0.05722370743751526,0.008646438829600811,0.0,0.0,0.0,0.0,0.0,0.0,0.0,0.0,0.0,0.0,0.0,0.0,0.0,0.0,0.0,0.0,0.002043703803792596,0.017607294023036957,0.056437667459249496,0.21631819009780884,0.43342241644859314,0.2461877018213272,0.027668606489896774,0.00031441598548553884,0.0,0.0,0.0,0.0,0.22873762249946594,36.845558166503906
C:\Users\Noura\Desktop\ASU UNI TORTURE HELL FIRE\Senior 1\Sem 8\CV\Project\Coin-Counting-System\data\raw\055.jpg,490,65,58,58.0,10568.3173828125,364.42474365234375,0.9913249611854553,1.0,0.9978382587432861,49.70279312133789,13.402336120605469,130.8786163330078,0.18913154304027557,0.18506856262683868,0.1736922264099121,0.049974605441093445,0.040731336921453476,0.004570848308503628,0.07364144176244736,0.03453529626131058,0.047739967703819275,0.13346876204013824,0.020213305950164795,0.00711020827293396,0.004672422539442778,0.002336211269721389,0.02539360150694847,0.007719654589891434,0.716607391834259,0.21066531538963318,0.041036058217287064,0.012087354436516762,0.008836973458528519,0.007516505662351847,0.0026409344282001257,0.0006094464333727956,0.0,0.0,0.0,0.0,0.0,0.0,0.0,0.0,0.0,0.0,0.0016251904889941216,0.016658201813697815,0.024682579562067986,0.03595734015107155,0.07323514670133591,0.22366683185100555,0.34250888228416443,0.20081259310245514,0.05942102521657944,0.021127475425601006,0.0003047232166863978,0.0,0.0,0.0,0.23758253455162048,51.940731048583984
C:\Users\Noura\Desktop\ASU UNI TORTURE HELL FIRE\Senior 1\Sem 8\CV\Project\Coin-Counting-System\data\raw\055.jpg,151,869,67,67.0,14102.609375,420.9734191894531,0.9924416542053223,1.0,0.997867226600647,12.70413589477539,71.7922134399414,106.39885711669922,0.21931740641593933,0.78045654296875,0.00022602274839300662,0.0,0.0,0.0,0.0,0.0,0.0,0.0,0.0,0.0,0.0,0.0,0.0,0.0,0.0,0.0,0.0213968213647604,0.23634445667266846,0.491298109292984,0.2150229811668396,0.03224591165781021,0.00286295497789979,0.0006780682597309351,0.00015068183711264282,0.0,0.0,0.0,0.0,0.0,0.0,0.0,0.0,7.534091855632141e-05,0.0016575001645833254,0.031040458008646965,0.21329014003276825,0.39003992080688477,0.2798161804676056,0.0716492161154747,0.011527160182595253,0.0009040909935720265,0.0,0.0,0.0,0.0,0.0,0.2056806981563568,35.43994140625
C:\Users\Noura\Desktop\ASU UNI TORTURE HELL FIRE\Senior 1\Sem 8\CV\Project\Coin-Counting-System\data\raw\055.jpg,379,866,83,83.0,21642.431640625,521.50439453125,0.9935168623924255,1.0,0.9987030029296875,12.04661750793457,72.8185806274414,97.5440673828125,0.41674354672431946,0.583207905292511,4.856018858845346e-05,0.0,0.0,0.0,0.0,0.0,0.0,0.0,0.0,0.0,0.0,0.0,0.0,0.0,0.0,4.856018858845346e-05,0.005924343131482601,0.19705724716186523,0.5383382439613342,0.2257077693939209,0.029378915205597878,0.00301073188893497,0.0005341620999388397,0.0,0.0,0.0,0.0,0.0,0.0,0.0,0.0,0.0007769630174152553,0.0021366483997553587,0.008158111944794655,0.06516777724027634,0.34230077266693115,0.45403778553009033,0.12227456271648407,0.005147380288690329,0.0,0.0,0.0,0.0,0.0,0.0,0.0,0.12363424152135849,26.203506469726562
C:\Users\Noura\Desktop\ASU UNI TORTURE HELL FIRE\Senior 1\Sem 8\CV\Project\Coin-Counting-System\data\raw\055.jpg,89,192,84,84.0,22167.078125,527.7875366210938,0.9947807788848877,1.0,0.9985546469688416,34.0222282409668,19.459741592407227,155.76361083984375,0.04947632923722267,0.3624472916126251,0.2583763897418976,0.15828633308410645,0.03511681780219078,0.018529927358031273,0.018577318638563156,0.025828160345554352,0.03208378702402115,0.027865977957844734,0.004217809531837702,0.0013269513146951795,0.0008530401391908526,0.00033173782867379487,0.004644329659640789,0.0020378180779516697,0.491777628660202,0.38950759172439575,0.07710535079240799,0.017155585810542107,0.006871712394058704,0.0051182410679757595,0.005260413978248835,0.0044073741883039474,0.002274773782119155,0.0005213022814132273,0.0,0.0,0.0,0.0,0.0,0.0,0.0,0.0,0.0,0.0007108667632564902,0.00345955160446465,0.01146865077316761,0.03208378702402115,0.07108667492866516,0.14350031316280365,0.2663380801677704,0.2742998003959656,0.1535472273826599,0.04014027863740921,0.003364769509062171,0.0,0.0,0.2804606556892395,55.61225509643555
C:\Users\Noura\Desktop\ASU UNI TORTURE HELL FIRE\Senior 1\Sem 8\CV\Project\Coin-Counting-System\data\raw\055.jpg,443,595,90,90.0,25446.900390625,565.4866943359375,0.9974673986434937,1.0,0.9997233152389526,54.44099807739258,16.537818908691406,175.27261352539062,0.17233578860759735,0.31328919529914856,0.07099083065986633,0.03023074008524418,0.014806893654167652,0.0030436392407864332,0.018673138692975044,0.01472463272511959,0.05634845420718193,0.1963147222995758,0.040965739637613297,0.017069058492779732,0.01011804398149252,0.00440093781799078,0.020112697035074234,0.016575494781136513,0.5530785918235779,0.34302636981010437,0.08201374113559723,0.018632007762789726,0.0024678155314177275,0.0007403446943499148,4.113026079721749e-05,0.0,0.0,0.0,0.0,0.0,0.0,0.0,0.0,0.0,0.0,0.0,0.0,0.0,0.0,0.0011516473023220897,0.007609098218381405,0.031711429357528687,0.08291860669851303,0.18270061910152435,0.22592851519584656,0.17788837850093842,0.13470159471035004,0.1060338094830513,0.047423187643289566,0.0019331221701577306,0.11738575994968414,51.19813919067383
C:\Users\Noura\Desktop\ASU UNI TORTURE HELL FIRE\Senior 1\Sem 8\CV\Project\Coin-Counting-System\data\raw\055.jpg,598,310,96,96.0,28952.91796875,603.185791015625,0.9977504014968872,1.0,1.0,51.39345169067383,18.308269500732422,135.37802124023438,0.5218724012374878,0.13098201155662537,0.029067041352391243,0.007681488525122404,0.0029571927152574062,0.0012622164795175195,0.01110750436782837,0.004147282801568508,0.006779905408620834,0.02495582215487957,0.03653214871883392,0.019762704148888588,0.02124129980802536,0.012766418047249317,0.044285766780376434,0.12459879368543625,0.44397562742233276,0.43647444248199463,0.09820044040679932,0.019618449732661247,0.0016228497261181474,0.0001081899827113375,0.0,0.0,0.0,0.0,0.0,0.0,0.0,0.0,0.0,0.0,0.0,0.0,0.0,0.0002885066205635667,0.002271989593282342,0.017094017937779427,0.06339932978153229,0.20390205085277557,0.37981897592544556,0.2825561761856079,0.04998376965522766,0.0006852032383903861,0.0,0.0,0.0,0.0,0.23668362200260162,39.71529006958008
C:\Users\Noura\Desktop\ASU UNI TORTURE HELL FIRE\Senior 1\Sem 8\CV\Project\Coin-Counting-System\data\raw\055.jpg,264,660,98,98.0,30171.85546875,615.7521362304688,0.9968417286872864,1.0,0.9997678399085999,26.52903175354004,60.22225570678711,108.91437530517578,0.6790814995765686,0.1768164038658142,0.0,0.0,0.0,0.0,0.0,0.0,0.0002074904041364789,0.025832554325461388,0.048034027218818665,0.04111768305301666,0.008472524583339691,0.0047722794115543365,0.004495625384151936,0.011169900186359882,0.008541688323020935,0.062039632350206375,0.14233841001987457,0.3225092589855194,0.36009958386421204,0.08787218481302261,0.01327938586473465,0.0025936299934983253,0.0005533077637664974,0.00010374520206823945,3.4581735235406086e-05,0.0,0.0,3.4581735235406086e-05,0.0,0.0,0.0,0.000172908665263094,0.001141197164542973,0.007262164261192083,0.061486322432756424,0.16913926601409912,0.3238925337791443,0.27260780334472656,0.12349136918783188,0.02901407517492771,0.01027077529579401,0.0011757789179682732,6.916347047081217e-05,3.4581735235406086e-05,0.00010374520206823945,0.00013832694094162434,0.19466057419776917,42.15211486816406
C:\Users\Noura\Desktop\ASU UNI TORTURE HELL FIRE\Senior 1\Sem 8\CV\Project\Coin-Counting-System\data\raw\055.jpg,593,487,101,101.0,32047.38671875,634.6017456054688,0.9979568123817444,1.0,0.9999687075614929,50.03693389892578,26.510648727416992,136.4095916748047,0.5679032206535339,0.09679097682237625,0.015476151369512081,0.0025685210712254047,0.0016906720120459795,0.00045518093975260854,0.0017556978855282068,0.0016256461385637522,0.0021133399568498135,0.0905810073018074,0.041291411966085434,0.010956855490803719,0.017199337482452393,0.011119419708848,0.03293559327721596,0.10553695261478424,0.2848457396030426,0.4029977023601532,0.17732548713684082,0.10303345322608948,0.02952173538506031,0.0017231849487870932,0.0005527196917682886,0.0,0.0,0.0,0.0,0.0,0.0,0.0,0.0,0.0,0.0,0.0,0.0,0.0005527196917682886,0.004584322217851877,0.03332574665546417,0.11795688420534134,0.23480834066867828,0.3043859899044037,0.17947134375572205,0.036089345812797546,0.014923431910574436,0.03215528279542923,0.027538446709513664,0.012745066545903683,0.0014630815712735057,0.20145007967948914,41.48921585083008
C:\Users\Noura\Desktop\ASU UNI TORTURE HELL FIRE\Senior 1\Sem 8\CV\Project\Coin-Counting-System\data\raw\055.jpg,562,139,121,121.0,45996.05859375,760.2654418945312,0.9973210096359253,1.0,0.999978244304657,37.18864822387695,15.998201370239258,126.53974914550781,0.2851199805736542,0.3174571096897125,0.13528525829315186,0.03580021858215332,0.01542647648602724,0.003980300854891539,0.030583102256059647,0.011558613739907742,0.02010389231145382,0.053970180451869965,0.02048618160188198,0.008837617002427578,0.00782567635178566,0.002945872489362955,0.022240212187170982,0.028379321098327637,0.5950887203216553,0.3222694396972656,0.05221614986658096,0.014684386551380157,0.008028064854443073,0.00519463000819087,0.0019789065700024366,0.0004047763650305569,0.00011243787594139576,2.248757482448127e-05,0.0,0.0,0.0,0.0,0.0,0.0,0.0,0.0001574130292283371,0.002496120985597372,0.008837617002427578,0.019744090735912323,0.040072858333587646,0.11356225609779358,0.28404057025909424,0.3444646894931793,0.1617756187915802,0.023791855201125145,0.0010119408834725618,4.497514964896254e-05,0.0,0.0,0.0,0.2533450126647949,44.66560745239258
C:\Users\Noura\Desktop\ASU UNI TORTURE HELL FIRE\Senior 1\Sem 8\CV\Project\Coin-Counting-System\data\raw\055.jpg,218,142,124,124.0,48305.12890625,779.114990234375,0.9980674386024475,1.0,0.9999792575836182,37.6849479675293,16.617835998535156,147.0173797607422,0.14574101567268372,0.34900349378585815,0.17885813117027283,0.07509686797857285,0.028707211837172508,0.013315350748598576,0.01982317492365837,0.04142315685749054,0.07659538090229034,0.03913257643580437,0.010725066065788269,0.004752424545586109,0.002932802541181445,0.0005351829458959401,0.0047738319262862206,0.008584334515035152,0.5610001683235168,0.3655299246311188,0.05660094693303108,0.007428339216858149,0.0026759146712720394,0.0016911780694499612,0.0020979170221835375,0.0017553999787196517,0.0010061438661068678,0.00021407316671684384,0.0,0.0,0.0,0.0,0.0,0.0,0.0,0.0,0.0005137756234034896,0.0027615439612418413,0.004945090040564537,0.01648363471031189,0.05246933549642563,0.11574936658143997,0.21137584745883942,0.2812921404838562,0.21683470904827118,0.0798921063542366,0.01603407971560955,0.0016483634244650602,0.0,0.0,0.2659216821193695,52.66756057739258
C:\Users\Noura\Desktop\ASU UNI TORTURE HELL FIRE\Senior 1\Sem 8\CV\Project\Coin-Counting-System\data\raw\055.jpg,398,158,140,140.0,61575.21484375,879.6459350585938,0.9978729486465454,1.0,1.0,39.895225524902344,15.739537239074707,136.32334899902344,0.3271131217479706,0.2668004333972931,0.12890227138996124,0.03977928310632706,0.01830950565636158,0.004548114724457264,0.02068389020860195,0.01212273258715868,0.029663071036338806,0.03121812641620636,0.015667585656046867,0.012624362483620644,0.010584399104118347,0.004765487741678953,0.01817573793232441,0.059041887521743774,0.5606889128684998,0.3769082725048065,0.04984533041715622,0.007925759069621563,0.0030265029054135084,0.0010199815733358264,0.00031769918859936297,0.0001672101061558351,8.360505307791755e-05,1.6721009160391986e-05,0.0,0.0,0.0,0.0,0.0,0.0,0.0,0.0,0.00036786223063245416,0.002842571586370468,0.007992642931640148,0.02685394138097763,0.0769166424870491,0.1921076774597168,0.3072151243686676,0.2630214989185333,0.10447286814451218,0.017440013587474823,0.0007524454267695546,1.6721009160391986e-05,0.0,0.0,0.26026251912117004,47.42890548706055
C:\Users\Noura\Desktop\ASU UNI TORTURE HELL FIRE\Senior 1\Sem 8\CV\Project\Coin-Counting-System\data\raw\055.jpg,542,744,156,156.0,76453.796875,980.1768798828125,0.9985803961753845,1.0,1.0,31.14938735961914,53.666263580322266,121.72404479980469,0.3058543801307678,0.49390923976898193,0.008165786974132061,0.0021220301277935505,0.001074445666745305,0.00032233368256129324,0.003250198205932975,0.001275904243811965,0.01566004566848278,0.12117061018943787,0.029305504634976387,0.00566770089790225,0.0022831971291452646,0.0011013067560270429,0.002780128037557006,0.00605718744918704,0.057711161673069,0.07725264132022858,0.175242081284523,0.3661576509475708,0.2649717330932617,0.05157339200377464,0.006178062409162521,0.0007386814104393125,0.00017459741502534598,0.0,0.0,0.0,0.0,0.0,0.0,0.0,0.0,0.0,0.00016116684128064662,0.003250198205932975,0.03368386998772621,0.19283613562583923,0.3423721194267273,0.19803376495838165,0.0545012541115284,0.021126287057995796,0.020871106535196304,0.022872261703014374,0.02314087375998497,0.029909880831837654,0.024510791525244713,0.03273029997944832,0.1565467268228531,47.83946228027344
C:\Users\Noura\Desktop\ASU UNI TORTURE HELL FIRE\Senior 1\Sem 8\CV\Project\Coin-Counting-System\data\raw\056.jpg,377,552,71,71.0,15836.7685546875,446.1061706542969,0.9964891672134399,1.0,1.0,22.629005432128906,129.09793090820312,156.3158721923828,0.0,0.46578365564346313,0.5342163443565369,0.0,0.0,0.0,0.0,0.0,0.0,0.0,0.0,0.0,0.0,0.0,0.0,0.0,0.0,0.0,0.0,0.0,0.0012709880247712135,0.041474346071481705,0.1779383271932602,0.32717907428741455,0.2531273066997528,0.10067562758922577,0.04455147683620453,0.02327914908528328,0.013111244887113571,0.007425245828926563,0.0038798581808805466,0.006087363697588444,0.0,0.0,6.689410656690598e-05,0.0008696233853697777,0.007625928148627281,0.022208843380212784,0.07445313781499863,0.15372265875339508,0.156130850315094,0.13479162752628326,0.12228243052959442,0.13097865879535675,0.09779918193817139,0.06181015446782112,0.027761055156588554,0.009498963132500648,0.26135528087615967,105.77046966552734
C:\Users\Noura\Desktop\ASU UNI TORTURE HELL FIRE\Senior 1\Sem 8\CV\Project\Coin-Counting-System\data\raw\057.jpg,248,457,86,86.0,23235.21875,540.3539428710938,0.9957327842712402,1.0,0.9997842311859131,14.003523826599121,122.12090301513672,114.02543640136719,0.13278815150260925,0.835901141166687,0.004834410268813372,0.003253061091527343,0.004292233381420374,0.0041566891595721245,0.008629648014903069,0.006099489517509937,4.518140485743061e-05,0.0,0.0,0.0,0.0,0.0,0.0,0.0,0.00018072561942972243,0.0008132652728818357,0.00573803810402751,0.014412867836654186,0.015949035063385963,0.03465413674712181,0.10369131714105606,0.4445398151874542,0.3063299059867859,0.0596846342086792,0.011295351199805737,0.0022138888016343117,0.0003162698121741414,0.0001355442072963342,0.0,4.518140485743061e-05,0.0,0.0,9.036280971486121e-05,0.002981972647830844,0.015542402863502502,0.11846563965082169,0.33330321311950684,0.340984046459198,0.13509239256381989,0.03135589510202408,0.0111598065122962,0.005466949660331011,0.002439795760437846,0.001490986323915422,0.0009036280680447817,0.0007229024777188897,0.14417386054992676,69.4425048828125
C:\Users\Noura\Desktop\ASU UNI TORTURE HELL FIRE\Senior 1\Sem 8\CV\Project\Coin-Counting-System\data\raw\057.jpg,437,442,100,100.0,31415.92578125,628.3185424804688,0.9980282187461853,1.0,0.9999680519104004,12.066668510437012,115.41663360595703,153.6339111328125,0.3806096315383911,0.6140834093093872,0.002421307610347867,0.0013599124504253268,0.0008955521043390036,0.0004311917582526803,0.00019901157065760344,0.0,0.0,0.0,0.0,0.0,0.0,0.0,0.0,0.0,0.0,0.0007297091069631279,0.0028856678400188684,0.005605492740869522,0.013366944156587124,0.04152708128094673,0.26773691177368164,0.5351421236991882,0.09632160514593124,0.02431258000433445,0.008590666577219963,0.0029188364278525114,0.0006633719312958419,0.00019901157065760344,0.0,0.0,0.0,3.3168595109600574e-05,0.00046436034608632326,0.0011277322191745043,0.0029520050156861544,0.0060698529705405235,0.02358287200331688,0.05907326936721802,0.1245812475681305,0.4181564748287201,0.2904242277145386,0.04776277765631676,0.012438223697245121,0.0053069754503667355,0.003814388532191515,0.0042124115861952305,0.1829579770565033,69.90067291259766
C:\Users\Noura\Desktop\ASU UNI TORTURE HELL FIRE\Senior 1\Sem 8\CV\Project\Coin-Counting-System\data\raw\057.jpg,403,684,110,110.0,38013.26953125,691.150390625,0.9978111386299133,1.0,0.999973714351654,75.393798828125,40.945011138916016,134.32530212402344,0.5150853395462036,0.0003276450443081558,0.0,0.0,0.0,0.0,0.0,0.0,0.001310580177232623,0.002320819068700075,0.0027030715718865395,0.04800000041723251,0.15183617174625397,0.12382252514362335,0.0878634825348854,0.06673037260770798,0.017638225108385086,0.2695699632167816,0.36720818281173706,0.30804094672203064,0.031890783458948135,0.0047235493548214436,0.0009010239155031741,2.7303754905005917e-05,0.0,0.0,0.0,0.0,0.0,0.0,0.0,0.0,0.0,0.0,0.00021843003924004734,0.004587030503898859,0.02484641596674919,0.06943345069885254,0.11107167601585388,0.18784983456134796,0.21591809391975403,0.25329694151878357,0.0755767896771431,0.021651877090334892,0.011931740678846836,0.0075631397776305676,0.005051194690167904,0.011003413237631321,0.168928325176239,98.9986343383789
C:\Users\Noura\Desktop\ASU UNI TORTURE HELL FIRE\Senior 1\Sem 8\CV\Project\Coin-Counting-System\data\raw\058.jpg,451,571,65,65.0,13273.228515625,408.40704345703125,0.9855778217315674,1.0,0.9954914450645447,25.95856475830078,56.944271087646484,114.89167022705078,0.169517382979393,0.5668513774871826,0.09234722703695297,0.038705531507730484,0.03541315346956253,0.005460531450808048,0.024652693420648575,0.0036135870032012463,0.01043925154954195,0.028507186099886894,0.01477555651217699,0.0003212077426724136,0.0008030193275772035,0.0002409058070043102,0.0015257367631420493,0.006825664546340704,0.2552798390388489,0.17176583409309387,0.07066570222377777,0.029952621087431908,0.0584598071873188,0.15803420543670654,0.15241307020187378,0.08230948448181152,0.01686340570449829,0.002971171634271741,0.0004818116140086204,0.00040150966378860176,0.0003212077426724136,8.03019356681034e-05,0.0,0.0,0.0,0.0,0.0,0.0019272464560344815,0.029310205951333046,0.1469525396823883,0.26499637961387634,0.27069783210754395,0.22058941423892975,0.05452501401305199,0.006825664546340704,0.0028105678502470255,0.0009636232280172408,0.0003212077426724136,8.03019356681034e-05,0.0,0.1638159453868866,57.5567626953125
C:\Users\Noura\Desktop\ASU UNI TORTURE HELL FIRE\Senior 1\Sem 8\CV\Project\Coin-Counting-System\data\raw\058.jpg,355,442,66,66.0,13684.77734375,414.6902160644531,0.9914119243621826,1.0,0.997951090335846,22.23216438293457,126.6410140991211,137.11453247070312,0.016572006046772003,0.5491325259208679,0.41912394762039185,0.005679607857018709,0.002878705272451043,0.00186726835090667,0.0004668170877266675,0.0015560569008812308,0.0008558313129469752,0.00015560569590888917,0.0003890142252203077,0.00015560569590888917,0.00023340854386333376,0.00031121139181777835,0.0,0.0006224227836355567,0.016494203358888626,0.013848907314240932,0.008791721425950527,0.005290593486279249,0.01719442941248417,0.06675484031438828,0.15809538960456848,0.24111102521419525,0.21333540976047516,0.12043880671262741,0.06185326352715492,0.032910604029893875,0.016260795295238495,0.009958764538168907,0.004745973739773035,0.012915272265672684,0.0,0.00015560569590888917,0.0021784796845167875,0.01587177999317646,0.05780751630663872,0.13716642558574677,0.14533571898937225,0.1424570083618164,0.11429238319396973,0.10472263395786285,0.07064498215913773,0.0551622174680233,0.04014626890420914,0.03555590286850929,0.03610052168369293,0.04240255057811737,0.2683420181274414,114.16898345947266
C:\Users\Noura\Desktop\ASU UNI TORTURE HELL FIRE\Senior 1\Sem 8\CV\Project\Coin-Counting-System\data\raw\058.jpg,271,558,72,72.0,16286.0166015625,452.38934326171875,0.9925456643104553,1.0,0.9979408979415894,30.18057632446289,63.37104034423828,84.21115112304688,0.16522474586963654,0.670786440372467,0.03330514580011368,0.009367072023451328,0.002667013555765152,0.0003252455499023199,0.004423339851200581,0.002081571612507105,0.0018864242592826486,0.007285500410944223,0.024718662723898888,0.013725362718105316,0.010277759283781052,0.0009757367079146206,0.01977493055164814,0.03317504748702049,0.12021075934171677,0.16906264424324036,0.11559227108955383,0.05789370834827423,0.07851427793502808,0.2214922308921814,0.17576269805431366,0.04930722713470459,0.009367072023451328,0.001756326062604785,0.00039029467734508216,0.00013009822578169405,0.00013009822578169405,6.504911289084703e-05,0.00013009822578169405,0.00019514733867254108,6.504911289084703e-05,0.0011058349628001451,0.0183438491076231,0.12912248075008392,0.2569440007209778,0.3749430775642395,0.1440187394618988,0.03785858303308487,0.01691276952624321,0.009952514432370663,0.00507383095100522,0.0027971118688583374,0.001756326062604785,0.0008456384530290961,0.0002601964515633881,0.0,0.15533727407455444,86.86167907714844
C:\Users\Noura\Desktop\ASU UNI TORTURE HELL FIRE\Senior 1\Sem 8\CV\Project\Coin-Counting-System\data\raw\059.jpg,504,350,66,66.0,13684.77734375,414.6902160644531,0.9914119243621826,1.0,0.997951090335846,19.668560028076172,128.63931274414062,131.62405395507812,0.006146424915641546,0.9871625304222107,0.00669104466214776,0.0,0.0,0.0,0.0,0.0,0.0,0.0,0.0,0.0,0.0,0.0,0.0,0.0,0.0,0.0,0.0,0.0021006769966334105,0.0030343111138790846,0.015249358490109444,0.0862833559513092,0.3787442743778229,0.38668015599250793,0.09157395362854004,0.02341865748167038,0.009180735796689987,0.002878705272451043,0.0004668170877266675,0.00031121139181777835,7.780284795444459e-05,0.0,0.0,0.0,7.780284795444459e-05,0.0026452967431396246,0.03275499865412712,0.09242977946996689,0.2223605364561081,0.41165485978126526,0.20975647866725922,0.02162919193506241,0.0035789310932159424,0.001478254096582532,0.0010114370379596949,0.0004668170877266675,0.00015560569590888917,0.19046136736869812,56.6624755859375
C:\Users\Noura\Desktop\ASU UNI TORTURE HELL FIRE\Senior 1\Sem 8\CV\Project\Coin-Counting-System\data\raw\059.jpg,407,739,70,70.0,15393.8037109375,439.8229675292969,0.9938111305236816,1.0,0.9980453252792358,7.632058143615723,142.44943237304688,70.27183532714844,0.9970355033874512,0.0028266115114092827,0.0,0.0,0.0,0.0,0.0,0.0,0.0,0.0,0.0,0.0,0.0,0.0,0.0,0.0001378834858769551,0.0,0.0,0.0002757669717539102,0.001654601888731122,0.002550844568759203,0.009858669713139534,0.04108927771449089,0.17483626306056976,0.30665287375450134,0.2656325399875641,0.13967597484588623,0.0475008599460125,0.006963116116821766,0.0014477766817435622,0.0011720096226781607,0.0006894174148328602,0.0,0.0,0.010892795398831367,0.3823509216308594,0.35125818848609924,0.19503618776798248,0.04701827093958855,0.00944501906633377,0.0023440192453563213,0.0008962426800280809,0.0002757669717539102,0.0003447087074164301,0.0001378834858769551,0.0,0.0,0.0,0.09644950181245804,43.353355407714844
C:\Users\Noura\Desktop\ASU UNI TORTURE HELL FIRE\Senior 1\Sem 8\CV\Project\Coin-Counting-System\data\raw\060.jpg,367,605,66,66.0,13684.77734375,414.6902160644531,0.9914119243621826,1.0,0.997951090335846,8.139111518859863,128.61363220214844,80.77024841308594,0.979537844657898,0.020384345203638077,0.0,0.0,0.0,0.0,0.0,0.0,0.0,0.0,0.0,0.0,0.0,0.0,0.0,7.780284795444459e-05,0.0,0.0,0.0,0.0,0.00031121139181777835,0.004590367898344994,0.0805259495973587,0.3695635199546814,0.4452657103538513,0.07780284434556961,0.016727611422538757,0.0044347625225782394,0.0006224227836355567,0.00015560569590888917,0.0,0.0,0.0,0.0,0.0022562826052308083,0.11522601544857025,0.43375086784362793,0.25052517652511597,0.14813661575317383,0.04139111563563347,0.0075468760915100574,0.0010892398422583938,7.780284795444459e-05,0.0,0.0,0.0,0.0,0.0,0.05702948570251465,31.972110748291016
C:\Users\Noura\Desktop\ASU UNI TORTURE HELL FIRE\Senior 1\Sem 8\CV\Project\Coin-Counting-System\data\raw\061.jpg,334,386,84,84.0,22167.078125,527.7875366210938,0.9947807788848877,1.0,0.9985546469688416,41.531585693359375,75.14596557617188,131.46524047851562,0.22193260490894318,0.5158997178077698,0.03312639147043228,0.004881285130977631,0.0016112980665639043,0.0006634756573475897,0.00199042703025043,0.007866925559937954,0.04516373574733734,0.029429884627461433,0.010283872485160828,0.014786029234528542,0.008767357096076012,0.006776929832994938,0.01961992308497429,0.07720012962818146,0.0688592940568924,0.1178143247961998,0.07118146121501923,0.06720060855150223,0.15032462775707245,0.1946353316307068,0.17449410259723663,0.11032652109861374,0.03596986085176468,0.007582578808069229,0.0013743424788117409,9.478224092163146e-05,9.478224092163146e-05,0.0,0.0,4.739112046081573e-05,0.0,0.0,0.0008530401391908526,0.01246386393904686,0.04990284889936447,0.06563670188188553,0.1132647767663002,0.2135917693376541,0.15515851974487305,0.1798492968082428,0.15857067704200745,0.04767546430230141,0.0029856404289603233,4.739112046081573e-05,0.0,0.0,0.1575280725955963,68.40786743164062
C:\Users\Noura\Desktop\ASU UNI TORTURE HELL FIRE\Senior 1\Sem 8\CV\Project\Coin-Counting-System\data\raw\062.jpg,526,202,61,61.0,11689.8662109375,383.2742919921875,0.9884719252586365,1.0,0.9964035153388977,11.250068664550781,120.04902648925781,97.17025756835938,0.551727294921875,0.448272705078125,0.0,0.0,0.0,0.0,0.0,0.0,0.0,0.0,0.0,0.0,0.0,0.0,0.0,0.0,0.0,0.0,0.0,0.0007330706575885415,0.009346650913357735,0.046458352357149124,0.25061851739883423,0.3552643656730652,0.278566837310791,0.054613761603832245,0.004398423712700605,0.0,0.0,0.0,0.0,0.0,0.0,0.0,0.0,0.008430312387645245,0.0388527438044548,0.3541647493839264,0.5312013030052185,0.06341060996055603,0.0033904516603797674,0.0004581691464409232,9.163383219856769e-05,0.0,0.0,0.0,0.0,0.0,0.03161367028951645,27.36173439025879
C:\Users\Noura\Desktop\ASU UNI TORTURE HELL FIRE\Senior 1\Sem 8\CV\Project\Coin-Counting-System\data\raw\062.jpg,187,790,78,78.0,19113.44921875,490.08843994140625,0.9949873685836792,1.0,0.9989773035049438,12.85550308227539,107.33423614501953,77.31757354736328,0.39056551456451416,0.6076138019561768,0.0010482758516445756,0.0,0.0,0.0,0.0,0.0,0.0,0.0,0.0,0.0,0.0,0.0,0.0,0.0007724137976765633,0.0,0.0,0.0013793103862553835,0.027696551755070686,0.11117241531610489,0.2205241322517395,0.20573793351650238,0.15553103387355804,0.21666206419467926,0.054510343819856644,0.006399999838322401,0.00038620689883828163,0.0,0.0,0.0,0.0,0.0,0.0,0.001158620696514845,0.188082754611969,0.3808000087738037,0.3531034588813782,0.05158620700240135,0.013241379521787167,0.006841379217803478,0.0031999999191612005,0.0014344827504828572,0.00022068966063670814,0.000331034476403147,0.0,0.0,0.0,0.06499310582876205,41.82786178588867
C:\Users\Noura\Desktop\ASU UNI TORTURE HELL FIRE\Senior 1\Sem 8\CV\Project\Coin-Counting-System\data\raw\063.jpg,277,514,76,76.0,18145.83984375,477.5220947265625,0.9974105954170227,1.0,0.999778687953949,16.10382080078125,156.6813201904297,137.33909606933594,0.7521665692329407,0.21380794048309326,0.0,0.0,0.0,0.0,0.0,0.0,0.0,0.0,0.0,0.0,0.00011632640962488949,0.0011632641544565558,0.005409178324043751,0.027336707338690758,0.0015122434124350548,0.024661200121045113,0.011923457495868206,0.006514279171824455,0.0072122374549508095,0.014133659191429615,0.02512650564312935,0.036293841898441315,0.0674111545085907,0.17024371027946472,0.3660792112350464,0.2189844697713852,0.04117954894900322,0.007270400878041983,0.0012795905349776149,0.00017448961443733424,0.0,0.0,0.001046937657520175,0.00761938001960516,0.013552026823163033,0.0275693591684103,0.0514744371175766,0.1416855752468109,0.3899843096733093,0.26010584831237793,0.0657825842499733,0.0267550740391016,0.01035305019468069,0.0028499970212578773,0.0005234688287600875,0.000697958457749337,0.17664165794849396,66.32918548583984
C:\Users\Noura\Desktop\ASU UNI TORTURE HELL FIRE\Senior 1\Sem 8\CV\Project\Coin-Counting-System\data\raw\063.jpg,497,566,86,86.0,23235.21875,540.3539428710938,0.9957901835441589,1.0,0.9997842311859131,11.503727912902832,153.859619140625,102.49234008789062,0.45872679352760315,0.5412732362747192,0.0,0.0,0.0,0.0,0.0,0.0,0.0,0.0,0.0,0.0,0.0,0.0,0.0,0.0,0.0,0.0,0.0,0.0,0.0008132652728818357,0.0050603169947862625,0.01147607620805502,0.030678173527121544,0.1235259547829628,0.47295892238616943,0.32539647817611694,0.02823837660253048,0.001581349060870707,0.0002710884145926684,0.0,0.0,0.0,0.0,0.0,0.00018072561942972243,0.015542402863502502,0.21217186748981476,0.6137441992759705,0.13979126513004303,0.014096598140895367,0.003343423828482628,0.0007680838461965322,0.00022590701701119542,4.518140485743061e-05,9.036280971486121e-05,0.0,0.0,0.0649256780743599,32.452392578125
C:\Users\Noura\Desktop\ASU UNI TORTURE HELL FIRE\Senior 1\Sem 8\CV\Project\Coin-Counting-System\data\raw\063.jpg,202,662,92,92.0,26590.439453125,578.0530395507812,0.9977952837944031,1.0,1.0,10.214580535888672,149.73779296875,73.36211395263672,0.9116525650024414,0.08767931163311005,0.0,0.0,0.0,0.0,0.0,0.0,0.0,0.0,0.0,0.0,0.0,0.0,0.0,0.0006681077065877616,0.0,3.930045204469934e-05,0.0010218117386102676,0.0017685203347355127,0.0021615249570459127,0.0037728433962911367,0.008999803103506565,0.05403812229633331,0.2153271734714508,0.461190789937973,0.2174493968486786,0.03140106052160263,0.0026724308263510466,0.00015720180817879736,0.0,0.0,0.0,0.0,0.0009825113229453564,0.13853409886360168,0.6282176971435547,0.21198663115501404,0.018707014620304108,0.0015720180235803127,0.0,0.0,0.0,0.0,0.0,0.0,0.0,0.0,0.03871094435453415,23.73650360107422
C:\Users\Noura\Desktop\ASU UNI TORTURE HELL FIRE\Senior 1\Sem 8\CV\Project\Coin-Counting-System\data\raw\064.jpg,365,581,73,73.0,16741.546875,458.6725158691406,0.995776891708374,1.0,1.0,9.623411178588867,149.92721557617188,99.41876983642578,0.9771707057952881,0.022829318419098854,0.0,0.0,0.0,0.0,0.0,0.0,0.0,0.0,0.0,0.0,0.0,0.0,0.0,0.0,0.0,0.0,0.0,6.323910929495469e-05,0.0005691519472748041,0.0010750647634267807,0.005312085151672363,0.025611838325858116,0.2165306955575943,0.5676974654197693,0.17220008373260498,0.009928539395332336,0.0008853474864736199,0.00012647821858990937,0.0,0.0,0.0,0.0,0.0,0.0003794346412178129,0.053373806178569794,0.3696958124637604,0.40865111351013184,0.13596408069133759,0.024726491421461105,0.005059128627181053,0.0012015430256724358,0.0008221084135584533,0.00012647821858990937,0.0,0.0,0.0,0.06083602085709572,32.213592529296875
C:\Users\Noura\Desktop\ASU UNI TORTURE HELL FIRE\Senior 1\Sem 8\CV\Project\Coin-Counting-System\data\raw\065.jpg,256,479,70,70.0,15393.8037109375,439.8229675292969,0.9940057992935181,1.0,0.9981432557106018,8.001930236816406,137.13795471191406,79.2344741821289,0.9959324598312378,0.004067562986165285,0.0,0.0,0.0,0.0,0.0,0.0,0.0,0.0,0.0,0.0,0.0,0.0,0.0,0.0,0.0,0.0,0.0,0.0,0.0011030678870156407,0.00682523287832737,0.031092727556824684,0.21496035158634186,0.43757325410842896,0.2140641212463379,0.08624612540006638,0.006549465470016003,0.0013788348296657205,0.00020682523609139025,0.0,0.0,0.0,0.0,0.0002757669717539102,0.009927610866725445,0.5156152844429016,0.4639779329299927,0.009307135827839375,0.0008962426800280809,0.0,0.0,0.0,0.0,0.0,0.0,0.0,0.0,0.011582213453948498,31.454959869384766
C:\Users\Noura\Desktop\ASU UNI TORTURE HELL FIRE\Senior 1\Sem 8\CV\Project\Coin-Counting-System\data\raw\066.jpg,523,696,85,85.0,22698.0078125,534.0707397460938,0.9964677095413208,1.0,0.9996472597122192,10.018308639526367,152.63165283203125,99.92005920410156,0.9146053791046143,0.08446992188692093,0.0,0.0,0.0,0.0,0.0,0.0,0.0,0.0,0.0,0.0,0.0,0.0,0.00018493688548915088,0.0007397475419566035,0.0,0.0006472791428677738,0.0027740532532334328,0.0024966481141746044,0.004623422399163246,0.01780017651617527,0.019926950335502625,0.020435526967048645,0.07943039387464523,0.5022885799407959,0.3235933184623718,0.024319201707839966,0.0015719635412096977,9.246844274457544e-05,0.0,0.0,0.0,0.0,0.0,0.00027740534278564155,0.017430301755666733,0.361505389213562,0.48231542110443115,0.11012991517782211,0.02589116431772709,0.0024504137691110373,0.0,0.0,0.0,0.0,0.0,0.0,0.07550048828125,32.34453201293945
C:\Users\Noura\Desktop\ASU UNI TORTURE HELL FIRE\Senior 1\Sem 8\CV\Project\Coin-Counting-System\data\raw\066.jpg,257,646,94,94.0,27759.11328125,590.6194458007812,0.9978712201118469,1.0,1.0,8.66783332824707,137.4593963623047,65.08887481689453,0.9804253578186035,0.01957462914288044,0.0,0.0,0.0,0.0,0.0,0.0,0.0,0.0,0.0,0.0,0.0,0.0,0.0,0.0,0.0,0.0,0.0,0.0005270092515274882,0.0024844720028340816,0.006211180239915848,0.029136082157492638,0.13578015565872192,0.4970073401927948,0.31695839762687683,0.011820063926279545,7.528703281423077e-05,0.0,0.0,0.0,0.0,0.0,0.0,0.004592509008944035,0.3891963064670563,0.5766986608505249,0.02699040062725544,0.0022962545044720173,0.0002258610911667347,0.0,0.0,0.0,0.0,0.0,0.0,0.0,0.0,0.013890457339584827,20.490299224853516
C:\Users\Noura\Desktop\ASU UNI TORTURE HELL FIRE\Senior 1\Sem 8\CV\Project\Coin-Counting-System\data\raw\066.jpg,461,384,101,101.0,32047.38671875,634.6017456054688,0.9979568123817444,1.0,0.9999687075614929,10.02529525756836,145.02496337890625,121.43580627441406,0.8866599202156067,0.11334004998207092,0.0,0.0,0.0,0.0,0.0,0.0,0.0,0.0,0.0,0.0,0.0,0.0,0.0,0.0,0.0,0.0,0.0,6.502584437839687e-05,0.001007900689728558,0.0017231849487870932,0.005202068015933037,0.0892154648900032,0.37058231234550476,0.37276068329811096,0.14549534022808075,0.013817992992699146,0.00013005168875679374,0.0,0.0,0.0,0.0,0.0,0.0,0.0,0.010924342088401318,0.13128718733787537,0.2200474739074707,0.24491985142230988,0.20515654981136322,0.13658680021762848,0.04655850678682327,0.003771499264985323,0.00045518093975260854,0.0002601033775135875,3.2512922189198434e-05,0.0,0.14702343940734863,38.11225128173828
C:\Users\Noura\Desktop\ASU UNI TORTURE HELL FIRE\Senior 1\Sem 8\CV\Project\Coin-Counting-System\data\raw\067.jpg,324,468,65,65.0,13273.228515625,408.40704345703125,0.9855778217315674,1.0,0.9954914450645447,9.890307426452637,146.85488891601562,100.8042221069336,0.9509355425834656,0.04906448349356651,0.0,0.0,0.0,0.0,0.0,0.0,0.0,0.0,0.0,0.0,0.0,0.0,0.0,0.0,0.0,0.0,0.0,0.0003212077426724136,0.0015257367631420493,0.005701437592506409,0.018951255828142166,0.06697181612253189,0.27125993371009827,0.4820525050163269,0.12109532207250595,0.02224363572895527,0.006424154620617628,0.0019272464560344815,0.0009636232280172408,0.0005621135351248085,0.0,0.0,8.03019356681034e-05,0.00040150966378860176,0.011804384179413319,0.3983778953552246,0.4312213957309723,0.10977274924516678,0.02906930074095726,0.011964987963438034,0.0031317754182964563,0.001365132862702012,0.0010439251782372594,0.0006424154853448272,0.0006424154853448272,0.0004818116140086204,0.134345144033432,59.052303314208984
C:\Users\Noura\Desktop\ASU UNI TORTURE HELL FIRE\Senior 1\Sem 8\CV\Project\Coin-Counting-System\data\raw\067.jpg,535,574,97,97.0,29559.24609375,609.468994140625,0.9945671558380127,1.0,0.9985122084617615,12.248262405395508,94.7358627319336,103.89232635498047,0.4641735851764679,0.5357558727264404,3.5279590520076454e-05,0.0,0.0,0.0,0.0,0.0,0.0,0.0,0.0,0.0,0.0,0.0,0.0,3.5279590520076454e-05,0.0,3.5279590520076454e-05,0.0029987653251737356,0.05397777259349823,0.35487741231918335,0.13734345138072968,0.07899100333452225,0.2927500307559967,0.07440465688705444,0.0031398835126310587,0.0008467101724818349,0.0004586346913129091,0.00017639795260038227,0.0,0.0,0.0,0.0,0.0,0.0,3.5279590520076454e-05,0.00832598377019167,0.321361780166626,0.3815840482711792,0.2512259781360626,0.024237079545855522,0.0070911976508796215,0.0021167753729969263,0.0015875815879553556,0.0007408714154735208,0.0006703122053295374,0.0006350326584652066,0.0003880755102727562,0.06396190077066422,41.31538772583008
C:\Users\Noura\Desktop\ASU UNI TORTURE HELL FIRE\Senior 1\Sem 8\CV\Project\Coin-Counting-System\data\raw\069.jpg,391,454,73,73.0,16741.546875,458.6725158691406,0.995776891708374,1.0,1.0,3.997091054916382,182.5250701904297,111.95402526855469,0.9948776364326477,0.0005691519472748041,0.0,0.0,0.0,0.0,0.0,0.0,0.0,0.0,0.0,0.0,0.0,0.0,0.0,0.004553215578198433,0.0,0.0,0.0,0.0,0.0003794346412178129,0.003351672785356641,0.011256560683250427,0.026813382282853127,0.06779232621192932,0.11515841633081436,0.1708088219165802,0.2026180922985077,0.19034971296787262,0.131474107503891,0.05242522060871124,0.027572249993681908,0.0,0.0,0.0008221084135584533,0.01568329893052578,0.109846331179142,0.23505976796150208,0.20160627365112305,0.15771833062171936,0.10200467705726624,0.07544425129890442,0.06785555928945541,0.029026750475168228,0.00436349818482995,0.0005691519472748041,0.0,0.0,0.10579902678728104,59.54087829589844
C:\Users\Noura\Desktop\ASU UNI TORTURE HELL FIRE\Senior 1\Sem 8\CV\Project\Coin-Counting-System\data\raw\070.jpg,384,636,77,77.0,18626.501953125,483.8052673339844,0.994037926197052,1.0,0.9988706707954407,10.37565803527832,106.7458267211914,116.01347351074219,0.7683554887771606,0.23158788681030273,0.0,0.0,0.0,0.0,0.0,0.0,0.0,0.0,0.0,0.0,0.0,0.0,0.0,5.660911483573727e-05,5.660911483573727e-05,0.00028304557781666517,0.003396546933799982,0.020662326365709305,0.08191338926553726,0.19303707778453827,0.32187941670417786,0.22745542228221893,0.09283895045518875,0.03436173126101494,0.013133314438164234,0.005434474907815456,0.0023775827139616013,0.0008491367334499955,0.0007925275713205338,0.0015284460969269276,0.0,0.0,0.001075573149137199,0.010699122212827206,0.033342767506837845,0.13886216282844543,0.25559014081954956,0.2667987644672394,0.18109256029129028,0.07540334016084671,0.02598358318209648,0.007981885224580765,0.002717237453907728,0.0003962637856602669,5.660911483573727e-05,0.0,0.17311066389083862,62.120887756347656
C:\Users\Noura\Desktop\ASU UNI TORTURE HELL FIRE\Senior 1\Sem 8\CV\Project\Coin-Counting-System\data\raw\071.jpg,408,530,77,77.0,18626.501953125,483.8052673339844,0.994037926197052,1.0,0.9988706707954407,25.75867462158203,59.1248779296875,127.35906982421875,0.061986979097127914,0.6717237234115601,0.13903199136257172,0.055816587060689926,0.006679875310510397,0.001358618726953864,0.016303425654768944,0.0019813189283013344,0.0009057458373717964,0.013133314438164234,0.009057458490133286,0.004415510687977076,0.002094537252560258,0.0008491367334499955,0.008944240398705006,0.005717520602047443,0.21534107625484467,0.22060571610927582,0.06968581676483154,0.021737899631261826,0.04704217240214348,0.12895555794239044,0.18511180579662323,0.07364846020936966,0.02139824442565441,0.008321539498865604,0.004415510687977076,0.0016416643047705293,0.0014152278890833259,0.0004528729186858982,0.00011321822967147455,0.00011321822967147455,0.0,5.660911483573727e-05,0.0013020096812397242,0.01103877741843462,0.0458533838391304,0.12278516590595245,0.19711293280124664,0.1639966070652008,0.13620153069496155,0.11542598158121109,0.1032550260424614,0.07376167923212051,0.02383243665099144,0.004528729245066643,0.0006227002595551312,0.0002264364593429491,0.1908293217420578,81.80393981933594
C:\Users\Noura\Desktop\ASU UNI TORTURE HELL FIRE\Senior 1\Sem 8\CV\Project\Coin-Counting-System\data\raw\072.jpg,502,587,48,48.0,7238.2294921875,301.5928955078125,0.9910554885864258,1.0,0.9983420968055725,9.53841495513916,135.955322265625,129.7628631591797,0.977811336517334,0.021584905683994293,0.0,0.0,0.0,0.0,0.0,0.0,0.0,0.0,0.0004528301942627877,0.0,0.0,0.0,0.0,0.0001509433932369575,0.0010566037381067872,0.00483018858358264,0.006490565836429596,0.00483018858358264,0.003924528136849403,0.00800000037997961,0.05977358669042587,0.24211320281028748,0.3396226465702057,0.20362263917922974,0.07577358186244965,0.0294339619576931,0.013735849410295486,0.004377358593046665,0.0015094339614734054,0.0009056603885255754,0.0,0.0,0.00120754714589566,0.007094339467585087,0.017207548022270203,0.04573584720492363,0.11139622330665588,0.24166037142276764,0.32784906029701233,0.17132075130939484,0.05690566077828407,0.01600000075995922,0.0031698113307356834,0.0004528301942627877,0.0,0.0,0.28407546877861023,73.54999542236328
C:\Users\Noura\Desktop\ASU UNI TORTURE HELL FIRE\Senior 1\Sem 8\CV\Project\Coin-Counting-System\data\raw\072.jpg,391,583,62,62.0,12076.2822265625,389.5574951171875,0.991649329662323,1.0,0.9973509907722473,6.914873123168945,132.58685302734375,87.46150970458984,0.9990255832672119,0.000974399852566421,0.0,0.0,0.0,0.0,0.0,0.0,0.0,0.0,0.0,0.0,0.0,0.0,0.0,0.0,0.0,0.0,0.0005314908339641988,0.003454690333455801,0.013375852257013321,0.040038976818323135,0.12304012477397919,0.2634422779083252,0.2694658637046814,0.159004345536232,0.07387722283601761,0.028169013559818268,0.012755779549479485,0.0059349811635911465,0.002657454228028655,0.004251926671713591,0.0,0.0004429090186022222,0.005669235717505217,0.07874922454357147,0.3439631462097168,0.28293028473854065,0.15413233637809753,0.07804057002067566,0.0339268296957016,0.01364159770309925,0.003986181225627661,0.002214545151218772,0.0014173089293763041,0.0007086544646881521,0.00017716361617203802,0.0,0.1423509567975998,63.13573455810547
C:\Users\Noura\Desktop\ASU UNI TORTURE HELL FIRE\Senior 1\Sem 8\CV\Project\Coin-Counting-System\data\raw\072.jpg,257,559,74,74.0,17203.361328125,464.9557189941406,0.9956493377685547,1.0,0.9997093081474304,36.28348159790039,60.582847595214844,99.93257904052734,0.10645896196365356,0.6357982754707336,0.06502062827348709,0.024198018014431,0.007450280245393515,0.002216612221673131,0.008312296122312546,0.004741087555885315,0.008066006004810333,0.030909426510334015,0.020072655752301216,0.017117172479629517,0.009974755346775055,0.006034111138433218,0.015454713255167007,0.03817499056458473,0.19487716257572174,0.165445476770401,0.05338341370224953,0.04057632014155388,0.07856658846139908,0.2503540515899658,0.17209531366825104,0.03423434495925903,0.007511852774769068,0.001600886695086956,0.0004925805260427296,0.000369435379980132,0.0001231451315106824,6.15725657553412e-05,6.15725657553412e-05,0.0002462902630213648,0.0,0.0006772981723770499,0.008373868651688099,0.0700695738196373,0.1269010454416275,0.20546764135360718,0.3058309257030487,0.1817622035741806,0.050243210047483444,0.023028139024972916,0.015023705549538136,0.007511852774769068,0.0036327813286334276,0.0009235884645022452,0.00043100793845951557,0.0001231451315106824,0.18804261088371277,91.94070434570312
C:\Users\Noura\Desktop\ASU UNI TORTURE HELL FIRE\Senior 1\Sem 8\CV\Project\Coin-Counting-System\data\raw\073.jpg,528,458,73,73.0,16741.546875,458.6725158691406,0.995776891708374,1.0,1.0,10.218111991882324,145.7421112060547,103.2795181274414,0.8736482858657837,0.1263517290353775,0.0,0.0,0.0,0.0,0.0,0.0,0.0,0.0,0.0,0.0,0.0,0.0,0.0,0.0,0.0,0.0,0.0,0.0,0.004426737315952778,0.020236514508724213,0.03294757381081581,0.08556251227855682,0.26832354068756104,0.35584646463394165,0.19028647243976593,0.03819642215967178,0.003667868208140135,0.00044267374323680997,0.0,6.323910929495469e-05,0.0,0.0,0.0,0.005817997734993696,0.03060772828757763,0.21425409615039825,0.5226079821586609,0.18010497093200684,0.040030356496572495,0.005565041210502386,0.0008853474864736199,6.323910929495469e-05,6.323910929495469e-05,0.0,0.0,0.0,0.12331625819206238,39.315635681152344
C:\Users\Noura\Desktop\ASU UNI TORTURE HELL FIRE\Senior 1\Sem 8\CV\Project\Coin-Counting-System\data\raw\073.jpg,355,636,89,89.0,24884.5546875,559.2034912109375,0.9952206015586853,1.0,0.9987525939941406,8.692919731140137,155.63002014160156,80.20421600341797,0.9654171466827393,0.03449871763586998,0.0,0.0,0.0,0.0,0.0,0.0,0.0,0.0,0.0,0.0,0.0,0.0,0.0,8.414321200689301e-05,0.0,0.0,0.00033657284802757204,0.002145651960745454,0.004627876449376345,0.009466111660003662,0.026210609823465347,0.0764441043138504,0.1781732439994812,0.251756489276886,0.25411251187324524,0.13488157093524933,0.04282889515161514,0.012663553468883038,0.0047961631789803505,0.00155664945486933,0.0,0.0,0.027430687099695206,0.24165929853916168,0.2558795213699341,0.20223820209503174,0.19256174564361572,0.06163490191102028,0.012705625034868717,0.0034498716704547405,0.0014304346404969692,0.0006310740718618035,0.00021035803365521133,8.414321200689301e-05,8.414321200689301e-05,0.0,0.15890444815158844,55.19952392578125
C:\Users\Noura\Desktop\ASU UNI TORTURE HELL FIRE\Senior 1\Sem 8\CV\Project\Coin-Counting-System\data\raw\073.jpg,263,437,92,92.0,26590.439453125,578.0530395507812,0.9978391528129578,1.0,1.0,14.482687950134277,124.57940673828125,120.0890121459961,0.043387699872255325,0.9564943909645081,0.0,0.0,0.0,0.0,0.0,0.0,0.0,0.0,0.0,0.0,0.0,0.0,0.0,0.00011790135613409802,0.0,7.860090408939868e-05,0.0007467085961252451,0.003694242564961314,0.030418550595641136,0.09459618479013443,0.11970917880535126,0.265631765127182,0.2863037884235382,0.16510120034217834,0.02762821689248085,0.004244448617100716,0.0012969148810952902,0.00031440361635759473,0.00011790135613409802,0.00011790135613409802,0.0,0.0,0.0,0.0009825113229453564,0.04146197810769081,0.08194144070148468,0.11153468489646912,0.4447632133960724,0.24476321041584015,0.05148359388113022,0.015445077791810036,0.005226959940046072,0.0014148162445053458,0.000550206343177706,0.00023580271226819605,0.0001965022529475391,0.11974848061800003,54.58537292480469
C:\Users\Noura\Desktop\ASU UNI TORTURE HELL FIRE\Senior 1\Sem 8\CV\Project\Coin-Counting-System\data\raw\074.jpg,461,574,68,68.0,14526.724609375,427.256591796875,0.9962254166603088,1.0,0.9994465708732605,8.712352752685547,137.54603576660156,80.34125518798828,0.9949535727500916,0.005046441685408354,0.0,0.0,0.0,0.0,0.0,0.0,0.0,0.0,0.0,0.0,0.0,0.0,0.0,0.0,0.0,0.0,0.0,0.0,0.0,0.0010239157127216458,0.016236377879977226,0.13493746519088745,0.588970959186554,0.23908433318138123,0.01843048259615898,0.0010970525909215212,0.00021941051818430424,0.0,0.0,0.0,0.0,0.0,0.0,0.008191325701773167,0.45096173882484436,0.5168580412864685,0.023988883942365646,0.0,0.0,0.0,0.0,0.0,0.0,0.0,0.0,0.0,0.015212462283670902,20.963348388671875
C:\Users\Noura\Desktop\ASU UNI TORTURE HELL FIRE\Senior 1\Sem 8\CV\Project\Coin-Counting-System\data\raw\074.jpg,293,677,77,77.0,18626.501953125,483.8052673339844,0.994037926197052,1.0,0.9988706707954407,7.59586763381958,155.2911376953125,89.54118347167969,0.99224454164505,0.007755448576062918,0.0,0.0,0.0,0.0,0.0,0.0,0.0,0.0,0.0,0.0,0.0,0.0,0.0,0.0,0.0,0.0,0.0,0.000169827340869233,0.0003962637856602669,0.002207755343988538,0.01375601440668106,0.04891027510166168,0.16456268727779388,0.3696575164794922,0.2855929732322693,0.08853665739297867,0.018511179834604263,0.004302292596548796,0.0015850551426410675,0.0018114916747435927,0.0,0.0,0.0,0.001075573149137199,0.24874044954776764,0.4996320307254791,0.16722331941127777,0.05304273962974548,0.019190490245819092,0.007755448576062918,0.002490801038220525,0.0007925275713205338,5.660911483573727e-05,0.0,0.0,0.0,0.12312482297420502,57.96365737915039
C:\Users\Noura\Desktop\ASU UNI TORTURE HELL FIRE\Senior 1\Sem 8\CV\Project\Coin-Counting-System\data\raw\075.jpg,421,630,96,96.0,28952.91796875,603.185791015625,0.9977504014968872,1.0,1.0,10.049623489379883,130.5886688232422,105.792236328125,0.8897183537483215,0.10184283554553986,0.0001081899827113375,7.212665514089167e-05,0.0,0.0,0.0,0.0,0.0,0.0,0.0,0.0,0.0,0.0,3.6063327570445836e-05,0.008222438395023346,0.0,0.0,0.0007212665514089167,0.01994301937520504,0.04771178215742111,0.08103429526090622,0.10498034209012985,0.1044754609465599,0.22388114035129547,0.32478633522987366,0.07281185686588287,0.012477911077439785,0.003570269327610731,0.0012982797343283892,0.0009015831747092307,0.001406469731591642,0.0,7.212665514089167e-05,0.0011540264822542667,0.03718129172921181,0.07750009000301361,0.21583901345729828,0.274802565574646,0.22590067982673645,0.1198744997382164,0.03126690536737442,0.009664971381425858,0.003714522812515497,0.0022359262220561504,0.0006852032383903861,0.0001081899827113375,0.0,0.10321324318647385,61.30118179321289
C:\Users\Noura\Desktop\ASU UNI TORTURE HELL FIRE\Senior 1\Sem 8\CV\Project\Coin-Counting-System\data\raw\076.jpg,216,457,96,96.0,28952.91796875,603.185791015625,0.9977391362190247,1.0,1.0,20.266002655029297,114.42568969726562,95.64744567871094,0.048036351799964905,0.6614375114440918,0.2803563177585602,0.010097731836140156,0.0,0.0,0.0,0.0,0.0,0.0,0.0,0.0,0.0,0.0,0.0,7.212665514089167e-05,0.0,0.0,0.0,0.0034981428179889917,0.06549100577831268,0.20873454213142395,0.23671968281269073,0.20274803042411804,0.13992570340633392,0.07497565448284149,0.03746979683637619,0.017851347103714943,0.007573298644274473,0.002704749582335353,0.0011900898534804583,0.0011179631110280752,0.0,0.0,0.0005409499281086028,0.03101446107029915,0.24339139461517334,0.32756319642066956,0.21252118051052094,0.07825741916894913,0.04150889068841934,0.029607990756630898,0.019618449732661247,0.009484655223786831,0.004832485690712929,0.0014785963576287031,0.00018031663785222918,0.0,0.1861228346824646,88.4684066772461
C:\Users\Noura\Desktop\ASU UNI TORTURE HELL FIRE\Senior 1\Sem 8\CV\Project\Coin-Counting-System\data\raw\076.jpg,434,658,97,97.0,29559.24609375,609.468994140625,0.9945671558380127,1.0,0.9985122084617615,15.286293983459473,152.96714782714844,106.13494110107422,0.004692185670137405,0.9950961470603943,0.00021167754312045872,0.0,0.0,0.0,0.0,0.0,0.0,0.0,0.0,0.0,0.0,0.0,0.0,0.0,0.0,0.0,0.0003880755102727562,0.0005997530533932149,0.0008467101724818349,0.0017639795551076531,0.008855177089571953,0.04180631414055824,0.18084318935871124,0.42734166979789734,0.2853766083717346,0.04388781264424324,0.006420885678380728,0.0013759040739387274,0.00035279590520076454,0.00014111836208030581,0.0,0.0,0.0,0.0002469571481924504,0.02631857432425022,0.21030163764953613,0.4225083887577057,0.2647380530834198,0.05422472953796387,0.016581406816840172,0.0036337978672236204,0.0010936673497781157,0.0003175163292326033,3.5279590520076454e-05,0.0,0.0,0.10781443119049072,47.315406799316406
C:\Users\Noura\Desktop\ASU UNI TORTURE HELL FIRE\Senior 1\Sem 8\CV\Project\Coin-Counting-System\data\raw\076.jpg,437,437,107,107.0,35968.09375,672.3008422851562,0.9984176158905029,1.0,1.0,19.09271812438965,124.9695816040039,146.33274841308594,0.04130440950393677,0.6884260773658752,0.2702406048774719,0.0,0.0,0.0,0.0,0.0,0.0,0.0,0.0,0.0,0.0,0.0,0.0,2.8884203857160173e-05,0.0,0.0006932208780199289,0.0017330521950498223,0.0024551572278141975,0.00817422941327095,0.09924612194299698,0.1855809986591339,0.23196902871131897,0.27541089057922363,0.12535744905471802,0.04615695774555206,0.015164206735789776,0.005199156701564789,0.0016175153432413936,0.000837641884572804,0.0004043788358103484,0.0,0.0,0.0,0.0,0.006412293296307325,0.07244158536195755,0.12365327030420303,0.1795153170824051,0.13763323426246643,0.11689437180757523,0.103838711977005,0.10490742325782776,0.08595938980579376,0.050980620086193085,0.015279743820428848,0.0024840414989739656,0.22858957946300507,86.462890625
C:\Users\Noura\Desktop\ASU UNI TORTURE HELL FIRE\Senior 1\Sem 8\CV\Project\Coin-Counting-System\data\raw\076.jpg,228,679,108,108.0,36643.53515625,678.583984375,0.9982472062110901,1.0,1.0,15.820246696472168,128.9862518310547,73.5181884765625,0.25918048620224,0.6351907253265381,0.08926697820425034,0.01171132829040289,0.0019282575231045485,8.50701835588552e-05,0.0,0.0,0.0,0.0,0.0,0.0,0.0,0.0,0.0002835672639776021,0.002353608375415206,0.0,0.0006522047333419323,0.007145895157009363,0.026485184207558632,0.052204735577106476,0.07701687514781952,0.15151000022888184,0.19852544367313385,0.1802069991827011,0.1346093863248825,0.07216787338256836,0.039642706513404846,0.022713739424943924,0.014178363606333733,0.008024954237043858,0.014915638603270054,0.00011342691141180694,0.004820643924176693,0.22640010714530945,0.2573089599609375,0.180235356092453,0.13307812809944153,0.07213951647281647,0.04111725464463234,0.031362541019916534,0.022827165201306343,0.01769459806382656,0.007826456800103188,0.0029207428451627493,0.001332766143605113,0.000623847998213023,0.00019849708769470453,0.18692754209041595,122.11775970458984
C:\Users\Noura\Desktop\ASU UNI TORTURE HELL FIRE\Senior 1\Sem 8\CV\Project\Coin-Counting-System\data\raw\077.jpg,436,602,77,77.0,18626.501953125,483.8052673339844,0.994037926197052,1.0,0.9988706707954407,7.762354850769043,167.43878173828125,143.44970703125,0.8465893268585205,0.1519954651594162,0.0,0.0,0.0,0.0,0.0,0.0,0.0,0.0,0.0,0.0,0.0,0.0,0.0,0.0014152278890833259,0.0,0.0,0.0,0.0,0.0,0.0008491367334499955,0.014152278192341328,0.08457401394844055,0.1423153132200241,0.15250495076179504,0.20186810195446014,0.20520803332328796,0.11621851474046707,0.0439852811396122,0.019586753100156784,0.018737616017460823,0.0,0.0,0.0004528729186858982,0.0123407868668437,0.07608264684677124,0.09963203966617584,0.10716105252504349,0.14922162890434265,0.13512594997882843,0.09532974660396576,0.06725163012742996,0.05462779477238655,0.048174355179071426,0.04590999335050583,0.05689216032624245,0.05179733783006668,0.19830173254013062,83.92394256591797
C:\Users\Noura\Desktop\ASU UNI TORTURE HELL FIRE\Senior 1\Sem 8\CV\Project\Coin-Counting-System\data\raw\077.jpg,398,437,78,78.0,19113.44921875,490.08843994140625,0.9947661757469177,1.0,0.9987941980361938,5.422510147094727,166.47828674316406,110.14510345458984,0.9916689395904541,0.0012137930607423186,0.0,0.0,0.0,0.0,0.0,0.0,0.0,0.0,0.0,0.0,0.0,0.0,0.0,0.007117241155356169,0.0,0.0,0.0,5.5172415159177035e-05,0.0035310345701873302,0.01169655192643404,0.029296550899744034,0.06311724334955215,0.14300689101219177,0.18896551430225372,0.17969654500484467,0.15260688960552216,0.11034482717514038,0.07150344550609589,0.028193103149533272,0.017986206337809563,0.0,5.5172415159177035e-05,0.0010482758516445756,0.03255172446370125,0.2020413726568222,0.2183724194765091,0.1602206826210022,0.1095724105834961,0.08022069185972214,0.05362758785486221,0.04794482886791229,0.052634481340646744,0.0353655181825161,0.005517241545021534,0.0007172413752414286,0.00011034483031835407,0.19729654490947723,65.23763275146484
C:\Users\Noura\Desktop\ASU UNI TORTURE HELL FIRE\Senior 1\Sem 8\CV\Project\Coin-Counting-System\data\raw\078.jpg,250,646,78,78.0,19113.44921875,490.08843994140625,0.9949873685836792,1.0,0.9989773035049438,13.293792724609375,138.79344177246094,71.81390380859375,0.25307586789131165,0.7443861961364746,0.0024275861214846373,0.00011034483031835407,0.0,0.0,0.0,0.0,0.0,0.0,0.0,0.0,0.0,0.0,0.0,0.0,0.0,0.0,0.0005517241661436856,0.001158620696514845,0.005958620458841324,0.023944826796650887,0.07012413442134857,0.19271723926067352,0.34361380338668823,0.2114206850528717,0.07966896891593933,0.03812413662672043,0.01693793013691902,0.007944827899336815,0.003586206817999482,0.004248275887221098,0.0,5.5172415159177035e-05,0.0073931035585701466,0.2594206929206848,0.5314207077026367,0.12518620491027832,0.0578758604824543,0.014675862155854702,0.0031448276713490486,0.0007724137976765633,5.5172415159177035e-05,0.0,0.0,0.0,0.0,0.0,0.1632000058889389,55.32065200805664
C:\Users\Noura\Desktop\ASU UNI TORTURE HELL FIRE\Senior 1\Sem 8\CV\Project\Coin-Counting-System\data\raw\078.jpg,451,734,91,91.0,26015.529296875,571.7698364257812,0.99741530418396,1.0,0.9999614357948303,9.439122200012207,130.9552459716797,98.42623901367188,0.9568122625350952,0.030267659574747086,0.00020124773436691612,0.0,4.024954614578746e-05,4.024954614578746e-05,0.00020124773436691612,0.00016099818458314985,0.00020124773436691612,0.00020124773436691612,0.0002414972841506824,0.00028174681938253343,0.00028174681938253343,0.0002414972841506824,0.0003219963691662997,0.0105051314458251,0.0026162206195294857,0.0037432077806442976,0.006359428633004427,0.010223384946584702,0.0210102628916502,0.04781646281480789,0.1542765200138092,0.1680821031332016,0.14505936205387115,0.3430469036102295,0.08508754521608353,0.010102636180818081,0.001770980074070394,0.0006439927383325994,0.00016099818458314985,0.0,0.0,0.0,0.0004829945683013648,0.007285167928785086,0.12932179868221283,0.29849064350128174,0.39174884557724,0.12686657905578613,0.022539746016263962,0.009378144517540932,0.005916683468967676,0.003058965550735593,0.0019722278229892254,0.0012477359268814325,0.0008452404872514307,0.0008452404872514307,0.08927349746227264,70.0770263671875
C:\Users\Noura\Desktop\ASU UNI TORTURE HELL FIRE\Senior 1\Sem 8\CV\Project\Coin-Counting-System\data\raw\079.jpg,557,508,54,54.0,9160.8837890625,339.2919921875,0.9918873906135559,1.0,0.998468279838562,13.820289611816406,119.5179443359375,181.07766723632812,0.014122631400823593,0.9857596755027771,0.0,0.00011768859258154407,0.0,0.0,0.0,0.0,0.0,0.0,0.0,0.0,0.0,0.0,0.0,0.0,0.0,0.0,0.00011768859258154407,0.002118394710123539,0.005295986775308847,0.033658936619758606,0.16464634239673615,0.5747910737991333,0.1952453851699829,0.020830880850553513,0.0025891491677612066,0.0005884429556317627,0.00011768859258154407,0.0,0.0,0.0,0.0,0.0,0.0,0.0,0.0,0.0,0.00011768859258154407,0.004825232550501823,0.014004942961037159,0.07343768328428268,0.24726374447345734,0.44909968972206116,0.15146522223949432,0.03966105729341507,0.014240319840610027,0.005884429905563593,0.20442509651184082,61.58253860473633
C:\Users\Noura\Desktop\ASU UNI TORTURE HELL FIRE\Senior 1\Sem 8\CV\Project\Coin-Counting-System\data\raw\079.jpg,223,638,58,58.0,10568.3173828125,364.42474365234375,0.9913249611854553,1.0,0.9978382587432861,10.38801383972168,81.48268127441406,97.39604187011719,0.9752158522605896,0.002539360197260976,0.0,0.0,0.0,0.0,0.0,0.0,0.0,0.0,0.0,0.0,0.0004062976222485304,0.001015744055621326,0.0037582528311759233,0.017064500600099564,0.0007110208389349282,0.007821229286491871,0.018892839550971985,0.07181310653686523,0.37125444412231445,0.340172678232193,0.1505332589149475,0.03351955488324165,0.0047739967703819275,0.0003047232166863978,0.0002031488111242652,0.0,0.0,0.0,0.0,0.0,0.0,0.0,0.0006094464333727956,0.00711020827293396,0.07069578766822815,0.44997459650039673,0.34189945459365845,0.08278314024209976,0.022549517452716827,0.00975114293396473,0.0053834435530006886,0.0031488065142184496,0.0024377857334911823,0.001523616025224328,0.0018283393001183867,0.0003047232166863978,0.14362621307373047,77.53308868408203
C:\Users\Noura\Desktop\ASU UNI TORTURE HELL FIRE\Senior 1\Sem 8\CV\Project\Coin-Counting-System\data\raw\079.jpg,472,666,72,72.0,16286.0166015625,452.38934326171875,0.9926350116729736,1.0,0.9980324506759644,19.32628631591797,107.6336441040039,146.04898071289062,0.3443049490451813,0.5538281202316284,0.004358290694653988,0.003577701048925519,0.004358290694653988,0.00383789767511189,0.008391335606575012,0.02881675586104393,0.040850844234228134,0.00318740657530725,0.0008456384530290961,0.00045534377568401396,0.0003252455499023199,6.504911289084703e-05,0.0006504910998046398,0.0021466207690536976,0.003967995755374432,0.012164183892309666,0.01535159070044756,0.019254537299275398,0.04241202026605606,0.09223964065313339,0.3432641625404358,0.36264878511428833,0.06550445407629013,0.02719052881002426,0.0107331033796072,0.0037077993620187044,0.0010407858062535524,0.0002601964515633881,0.00013009822578169405,0.00013009822578169405,0.0,0.0003252455499023199,0.006569960154592991,0.014571000821888447,0.024848761036992073,0.028946854174137115,0.0442984439432621,0.08358810842037201,0.18779678642749786,0.26416444778442383,0.24230794608592987,0.0671306848526001,0.016392376273870468,0.008131138980388641,0.005529174581170082,0.005399076268076897,0.2242242842912674,82.8028793334961
C:\Users\Noura\Desktop\ASU UNI TORTURE HELL FIRE\Senior 1\Sem 8\CV\Project\Coin-Counting-System\data\raw\079.jpg,300,386,76,76.0,18145.83984375,477.5220947265625,0.9974105954170227,1.0,0.999778687953949,19.819345474243164,119.90380096435547,148.92904663085938,0.2479497492313385,0.6509044170379639,0.004420403856784105,0.0028499970212578773,0.0026173442602157593,0.0023265283089131117,0.006572442129254341,0.02250916138291359,0.046995870769023895,0.0041877506300807,0.0012214273447170854,0.0012214273447170854,0.00209387531504035,0.0008142848964780569,0.0015704066026955843,0.0017448961734771729,0.009073460474610329,0.018554063513875008,0.019310183823108673,0.0175652876496315,0.020822428166866302,0.02634793147444725,0.06363054364919662,0.4334903657436371,0.3011109232902527,0.05589484050869942,0.02262548729777336,0.0083755012601614,0.0026173442602157593,0.00040714244823902845,0.00011632640962488949,5.8163204812444746e-05,0.0,0.0,5.8163204812444746e-05,0.0005816320772282779,0.0033734659664332867,0.013610189780592918,0.02908160351216793,0.061943814158439636,0.20717734098434448,0.47205257415771484,0.13877740502357483,0.03687547147274017,0.023963240906596184,0.0083755012601614,0.001977548934519291,0.0021520385053008795,0.19699877500534058,68.56721496582031
C:\Users\Noura\Desktop\ASU UNI TORTURE HELL FIRE\Senior 1\Sem 8\CV\Project\Coin-Counting-System\data\raw\080.jpg,341,572,83,83.0,21642.431640625,521.50439453125,0.9935168623924255,1.0,0.9987030029296875,9.644782066345215,138.14369201660156,80.90991973876953,0.8916136622428894,0.10833778232336044,4.856018858845346e-05,0.0,0.0,0.0,0.0,0.0,0.0,0.0,0.0,0.0,0.0,0.0,0.0,0.0,0.0,0.0,0.0007769630174152553,0.002525129821151495,0.005098820198327303,0.00820667203515768,0.02578546106815338,0.14971107244491577,0.4678288698196411,0.28291165828704834,0.04841450974345207,0.007089787628501654,0.0012140047037974,0.0003399213310331106,9.712037717690691e-05,0.0,0.0,0.0,0.00043704171548597515,0.03758558630943298,0.4483562409877777,0.42509591579437256,0.0663817822933197,0.01403389498591423,0.003933375235646963,0.0027679307386279106,0.0007769630174152553,0.00038848150870762765,0.0001456805766792968,9.712037717690691e-05,0.0,0.0,0.07128635793924332,42.514286041259766
C:\Users\Noura\Desktop\ASU UNI TORTURE HELL FIRE\Senior 1\Sem 8\CV\Project\Coin-Counting-System\data\raw\080.jpg,324,722,94,94.0,27759.11328125,590.6194458007812,0.9978712201118469,1.0,1.0,18.998945236206055,124.68183898925781,82.46195983886719,0.0006022962625138462,0.984904944896698,0.014492753893136978,0.0,0.0,0.0,0.0,0.0,0.0,0.0,0.0,0.0,0.0,0.0,0.0,0.0,0.0,0.0,3.7643516407115385e-05,0.0009787314338609576,0.007641633506864309,0.02507058158516884,0.09956710040569305,0.45721814036369324,0.3398456573486328,0.058799173682928085,0.009072087705135345,0.001091661979444325,0.0004517221823334694,3.7643516407115385e-05,0.00018821758567355573,0.0,0.0,0.0,0.0002635046257637441,0.044758141040802,0.3724825978279114,0.48292866349220276,0.07509881258010864,0.014944476075470448,0.007152268197387457,0.002108037006109953,0.0002635046257637441,0.0,0.0,0.0,0.0,0.0,0.08959157019853592,40.87452697753906
C:\Users\Noura\Desktop\ASU UNI TORTURE HELL FIRE\Senior 1\Sem 8\CV\Project\Coin-Counting-System\data\raw\081.jpg,396,502,77,77.0,18626.501953125,483.8052673339844,0.994037926197052,1.0,0.9988706707954407,23.21200180053711,131.1028594970703,213.94583129882812,0.003453155979514122,0.2817435562610626,0.7147466540336609,5.660911483573727e-05,0.0,0.0,0.0,0.0,0.0,0.0,0.0,0.0,0.0,0.0,0.0,0.0,0.0,0.000339654681738466,0.0014718369347974658,0.005887347739189863,0.025077838450670242,0.08049815893173218,0.17011038959026337,0.23436173796653748,0.2294367402791977,0.11236909031867981,0.048400793224573135,0.025474101305007935,0.016076987609267235,0.011718086898326874,0.010076422244310379,0.028700821101665497,0.0,0.001075573149137199,0.0026040193624794483,0.005491083953529596,0.011661477386951447,0.023549390956759453,0.02536088228225708,0.023889046162366867,0.028078120201826096,0.03209736943244934,0.03175771236419678,0.03577696159482002,0.04636286571621895,0.09753750264644623,0.24228700995445251,0.39247098565101624,0.25066515803337097,179.68743896484375
C:\Users\Noura\Desktop\ASU UNI TORTURE HELL FIRE\Senior 1\Sem 8\CV\Project\Coin-Counting-System\data\raw\082.jpg,389,557,60,60.0,11309.7333984375,376.9911193847656,0.9849547147750854,1.0,0.9943572282791138,4.22733736038208,175.21502685546875,104.72321319580078,0.9992421865463257,0.0,0.0,0.0,0.0,0.0,0.0,0.0,0.0,0.0,0.0,0.0,0.0,0.0,0.0,0.0007577910437248647,0.0,0.0,0.0,0.0,0.0,0.00028417163412086666,0.005209813360124826,0.026333238929510117,0.08070474863052368,0.1487164944410324,0.22705313563346863,0.2538599967956543,0.17088188230991364,0.061191625893116,0.017050297930836678,0.00871459674090147,0.0,0.0,0.0,0.0035047836136072874,0.12560386955738068,0.2739414572715759,0.23974613845348358,0.19011083245277405,0.1019228920340538,0.05086672306060791,0.011651037260890007,0.0021786491852253675,0.00047361940960399806,0.0,0.0,0.0,0.14312778413295746,52.1972541809082
C:\Users\Noura\Desktop\ASU UNI TORTURE HELL FIRE\Senior 1\Sem 8\CV\Project\Coin-Counting-System\data\raw\083.jpg,386,566,84,84.0,22167.078125,527.7875366210938,0.9946008324623108,1.0,0.9984641671180725,22.492868423461914,126.13733673095703,154.5882110595703,0.0006160845514386892,0.43320220708847046,0.5661817193031311,0.0,0.0,0.0,0.0,0.0,0.0,0.0,0.0,0.0,0.0,0.0,0.0,0.0,0.00014217336138244718,0.0008056490332819521,0.003649116260930896,0.005355196539312601,0.011373868212103844,0.06776929646730423,0.22458651661872864,0.3293682634830475,0.17264585196971893,0.06895408034324646,0.039334628731012344,0.0263968538492918,0.01663428358733654,0.010378655046224594,0.007914316840469837,0.014691246673464775,0.0,0.0001895644818432629,0.0018956447020173073,0.009857352823019028,0.029998578131198883,0.055684566497802734,0.09326571971178055,0.11236434429883957,0.10155916959047318,0.09606179594993591,0.12184256315231323,0.1504194140434265,0.12416473031044006,0.06805364787578583,0.0276764128357172,0.0069664944894611835,0.30173924565315247,117.0637435913086
C:\Users\Noura\Desktop\ASU UNI TORTURE HELL FIRE\Senior 1\Sem 8\CV\Project\Coin-Counting-System\data\raw\084.jpg,198,370,77,77.0,18626.501953125,483.8052673339844,0.994037926197052,1.0,0.9988706707954407,10.18154525756836,156.7788848876953,93.22654724121094,0.937616765499115,0.062156807631254196,0.0,0.0,0.0,0.0,0.0,0.0,0.0,0.0,0.0,0.0,0.0,0.0,0.0,0.0002264364593429491,0.0,0.00011321822967147455,0.002151146298274398,0.003453155979514122,0.0048117744736373425,0.007755448576062918,0.012793660163879395,0.031984150409698486,0.10297197848558426,0.33325785398483276,0.393659770488739,0.09408434480428696,0.011718086898326874,0.0011321823112666607,5.660911483573727e-05,5.660911483573727e-05,0.0,0.0,0.0002264364593429491,0.00611378438770771,0.12838947772979736,0.4479479193687439,0.35471269488334656,0.05270308628678322,0.008378149010241032,0.0014152278890833259,0.00011321822967147455,0.0,0.0,0.0,0.0,0.0,0.06164732575416565,36.093624114990234
C:\Users\Noura\Desktop\ASU UNI TORTURE HELL FIRE\Senior 1\Sem 8\CV\Project\Coin-Counting-System\data\raw\084.jpg,551,557,80,80.0,20106.193359375,502.6548156738281,0.9954766035079956,1.0,0.999029815196991,12.630488395690918,140.70913696289062,109.33476257324219,0.15244126319885254,0.8475587368011475,0.0,0.0,0.0,0.0,0.0,0.0,0.0,0.0,0.0,0.0,0.0,0.0,0.0,0.0,0.0,0.0,5.233136107563041e-05,0.010413940995931625,0.01486210711300373,0.011983881704509258,0.015490083023905754,0.06175100803375244,0.3882463872432709,0.4348212778568268,0.056727197021245956,0.004238840192556381,0.0008896331419236958,0.0004186508886050433,5.233136107563041e-05,5.233136107563041e-05,0.0,0.0,0.0,5.233136107563041e-05,0.007274059113115072,0.0776597410440445,0.5384896993637085,0.3260767161846161,0.044743314385414124,0.004814485553652048,0.0007326390477828681,0.00010466272215126082,5.233136107563041e-05,0.0,0.0,0.0,0.0645769014954567,31.392696380615234
C:\Users\Noura\Desktop\ASU UNI TORTURE HELL FIRE\Senior 1\Sem 8\CV\Project\Coin-Counting-System\data\raw\084.jpg,449,338,88,88.0,24328.494140625,552.9202880859375,0.9968299269676208,1.0,0.9999589323997498,9.888960838317871,156.98837280273438,122.52410125732422,0.9099797606468201,0.08954644948244095,0.0,0.0,0.0,0.0,0.0,0.0,0.0,0.0,0.0,0.0,0.0,0.0,4.3071886466350406e-05,0.0004307188792154193,0.0,0.0004307188792154193,0.00292888842523098,0.004134901333600283,0.0065899984911084175,0.009432743303477764,0.016754964366555214,0.06021449714899063,0.15075160562992096,0.2532196342945099,0.27721065282821655,0.16479304432868958,0.040702931582927704,0.00947581510990858,0.0022828099317848682,0.0010767971398308873,0.0,0.0,0.0,0.00021535943960770965,0.004824051167815924,0.08045828342437744,0.2747555673122406,0.25774216651916504,0.19890597462654114,0.1256837695837021,0.04453632980585098,0.009648102335631847,0.0021535942796617746,0.0005599345313385129,0.00025843133335001767,0.00025843133335001767,0.21587629616260529,61.037750244140625
C:\Users\Noura\Desktop\ASU UNI TORTURE HELL FIRE\Senior 1\Sem 8\CV\Project\Coin-Counting-System\data\raw\084.jpg,324,626,90,90.0,25446.900390625,565.4866943359375,0.9974673986434937,1.0,0.9997233152389526,7.796117305755615,148.40904235839844,83.6993408203125,0.9835479259490967,0.016452103853225708,0.0,0.0,0.0,0.0,0.0,0.0,0.0,0.0,0.0,0.0,0.0,0.0,0.0,0.0,0.0,0.00016452104318886995,0.0015629498520866036,0.0032492903992533684,0.0052646733820438385,0.014930284582078457,0.03779871016740799,0.09682063013315201,0.20162053406238556,0.33307284116744995,0.21938879787921906,0.06103730574250221,0.016657754778862,0.005511454772204161,0.0017686011269688606,0.0011516473023220897,0.0,4.113026079721749e-05,0.0013984288088977337,0.1175091490149498,0.315674751996994,0.3523629307746887,0.14420269429683685,0.04450294002890587,0.0149714145809412,0.006416320335119963,0.0020153827499598265,0.0005758236511610448,0.0002879118255805224,4.113026079721749e-05,0.0,0.0,0.15493768453598022,57.7186279296875
C:\Users\Noura\Desktop\ASU UNI TORTURE HELL FIRE\Senior 1\Sem 8\CV\Project\Coin-Counting-System\data\raw\085.jpg,242,648,95,95.0,28352.873046875,596.902587890625,0.9974259734153748,1.0,1.0,7.35148286819458,64.2964096069336,105.77137756347656,0.9813961982727051,0.01584085449576378,0.0008841407252475619,0.0,0.0,0.0,0.0,0.0,0.0,0.0,0.0,0.0,0.0,0.0,0.0,0.0018787990557029843,0.0,0.00022103518131189048,0.0710996463894844,0.4632529020309448,0.3646712005138397,0.0762571394443512,0.010720206424593925,0.004162829369306564,0.0025419045705348253,0.0034628845751285553,0.0025419045705348253,0.0007367839571088552,0.00022103518131189048,3.683919567265548e-05,0.0,7.367839134531096e-05,3.683919567265548e-05,0.0010314974933862686,0.0032786885276436806,0.006778412032872438,0.047559402883052826,0.2430281788110733,0.3489040434360504,0.22659790515899658,0.0876036137342453,0.026303187012672424,0.006999447476118803,0.0016209246823564172,0.00025787437334656715,0.0,0.0,0.0,0.2665315866470337,49.539302825927734
C:\Users\Noura\Desktop\ASU UNI TORTURE HELL FIRE\Senior 1\Sem 8\CV\Project\Coin-Counting-System\data\raw\085.jpg,343,204,96,96.0,28952.91796875,603.185791015625,0.9977391362190247,1.0,1.0,18.26524543762207,67.97140502929688,135.0745086669922,0.5419597029685974,0.09643333405256271,0.2748746871948242,0.08619134873151779,0.0001081899827113375,0.0,0.0,0.0,0.0,3.6063327570445836e-05,0.0,0.0,0.0,0.0,0.0,0.00039669658872298896,0.0010097731137648225,0.0016949763521552086,0.07335280627012253,0.4967362582683563,0.12221861630678177,0.178729847073555,0.10927188396453857,0.015218724496662617,0.0014425331028178334,0.0002885066205635667,3.6063327570445836e-05,0.0,0.0,0.0,0.0,0.0,0.0,0.0,0.0008294565486721694,0.001045836484991014,0.0008655198616907,0.019221752882003784,0.21648815274238586,0.3185834288597107,0.1006166860461235,0.10332143306732178,0.12102852761745453,0.06722204387187958,0.025460708886384964,0.010999314486980438,0.0066717155277729034,0.007645425386726856,0.18035270273685455,56.87419509887695
C:\Users\Noura\Desktop\ASU UNI TORTURE HELL FIRE\Senior 1\Sem 8\CV\Project\Coin-Counting-System\data\raw\085.jpg,125,595,101,101.0,32047.38671875,634.6017456054688,0.9979568123817444,1.0,0.9999687075614929,10.59163761138916,62.42201614379883,111.1690673828125,0.8466365337371826,0.14013069868087769,0.0005527196917682886,0.0,0.0,0.0,0.0,0.0,0.0,0.0,0.0,0.0,0.0,0.0,3.2512922189198434e-05,0.012647527270019054,0.0,0.002958676079288125,0.14315439760684967,0.4429885745048523,0.2877068519592285,0.08898787200450897,0.023734433576464653,0.007250382099300623,0.0020808270201087,0.0008128230692818761,0.00022759046987630427,9.753877384355292e-05,0.0,0.0,0.0,0.0,0.0,0.0,0.0011704652570188046,0.013070194981992245,0.07565757632255554,0.1916961967945099,0.25655949115753174,0.22258347272872925,0.13447345793247223,0.0652209222316742,0.025945313274860382,0.009558799676597118,0.0028286243323236704,0.0009428748162463307,0.00022759046987630427,6.502584437839687e-05,0.29498976469039917,74.43712615966797
C:\Users\Noura\Desktop\ASU UNI TORTURE HELL FIRE\Senior 1\Sem 8\CV\Project\Coin-Counting-System\data\raw\085.jpg,146,418,130,130.0,53092.9140625,816.8140869140625,0.9974426031112671,1.0,0.999717116355896,28.18921661376953,69.34970092773438,133.7972869873047,0.5489082932472229,0.10804347693920135,0.11626776307821274,0.057725585997104645,0.008535375818610191,0.003480255836620927,0.0040246532298624516,0.00456905085593462,0.08900900185108185,0.05024011805653572,9.721385140437633e-05,0.0,0.0001166566216852516,0.0002333132433705032,0.0006416114047169685,0.00810763519257307,0.002022047992795706,0.021989773958921432,0.13959908485412598,0.30083799362182617,0.25705286860466003,0.1566503942012787,0.06239185109734535,0.028464214876294136,0.016545796766877174,0.0072132679633796215,0.0030719577334821224,0.0020803764928132296,0.0008943674038164318,0.00040829816134646535,0.0001749849325278774,0.0006027258932590485,0.00013609939196612686,0.00791320763528347,0.014076565392315388,0.030700134113430977,0.0724048763513565,0.12097291648387909,0.14525693655014038,0.1253475397825241,0.08088192343711853,0.05191219598054886,0.061011411249637604,0.14381816983222961,0.10613808035850525,0.023098010569810867,0.008088191971182823,0.008243734948337078,0.25639182329177856,92.55052947998047
C:\Users\Noura\Desktop\ASU UNI TORTURE HELL FIRE\Senior 1\Sem 8\CV\Project\Coin-Counting-System\data\raw\085.jpg,382,526,216,216.0,146574.140625,1357.16796875,0.9984979629516602,1.0,1.0,28.280900955200195,69.600341796875,153.6134490966797,0.5555107593536377,0.04665002599358559,0.1356326937675476,0.09427338093519211,0.02044675499200821,0.002169121988117695,0.002071789698675275,0.0035526324063539505,0.09749229997396469,0.022330833598971367,0.001564270700328052,0.001738078542985022,0.0013348442735150456,0.0015364614082500339,0.002169121988117695,0.011526936665177345,0.011047227308154106,0.07123340666294098,0.14531727135181427,0.2195262759923935,0.21819837391376495,0.15808866918087006,0.11225206404924393,0.030986463651061058,0.013911580666899681,0.008495727553963661,0.005165569484233856,0.0030729228165000677,0.0014113197103142738,0.0006604698137380183,0.0002989495114888996,0.0003337110683787614,6.952313924557529e-06,0.009955713525414467,0.01686631329357624,0.020815229043364525,0.049597807228565216,0.11063217371702194,0.1379339098930359,0.11186273396015167,0.06722887605428696,0.034448716789484024,0.022247405722737312,0.0357140377163887,0.0638987198472023,0.09914695471525192,0.16180120408535004,0.05784325301647186,0.22476136684417725,82.83258819580078
C:\Users\Noura\Desktop\ASU UNI TORTURE HELL FIRE\Senior 1\Sem 8\CV\Project\Coin-Counting-System\data\raw\086.jpg,307,646,76,76.0,18145.83984375,477.5220947265625,0.9972450137138367,1.0,0.9996957182884216,8.183388710021973,144.03688049316406,88.3250732421875,0.9942418336868286,0.005758157465606928,0.0,0.0,0.0,0.0,0.0,0.0,0.0,0.0,0.0,0.0,0.0,0.0,0.0,0.0,0.0,0.0,5.8163204812444746e-05,0.00017448961443733424,0.0009887744672596455,0.008201012387871742,0.021636713296175003,0.0670040100812912,0.3785842955112457,0.4060373306274414,0.09794683754444122,0.01593671925365925,0.002791833830997348,0.00040714244823902845,0.00011632640962488949,0.00011632640962488949,0.0,0.0,5.8163204812444746e-05,0.0008142848964780569,0.19548653066158295,0.6171116232872009,0.12982027232646942,0.03803873807191849,0.011283662170171738,0.005409178324043751,0.0015122434124350548,0.0003489792288746685,5.8163204812444746e-05,5.8163204812444746e-05,0.0,0.0,0.08736113458871841,50.977935791015625
C:\Users\Noura\Desktop\ASU UNI TORTURE HELL FIRE\Senior 1\Sem 8\CV\Project\Coin-Counting-System\data\raw\086.jpg,284,511,84,84.0,22167.078125,527.7875366210938,0.9947807788848877,1.0,0.9985546469688416,11.912515640258789,146.39556884765625,105.28197479248047,0.30657315254211426,0.6934268474578857,0.0,0.0,0.0,0.0,0.0,0.0,0.0,0.0,0.0,0.0,0.0,0.0,0.0,0.0,0.0,0.0,0.0,0.0,0.0001895644818432629,0.0007582579273730516,0.005923890043050051,0.04298374429345131,0.3137291967868805,0.5368939638137817,0.09435571730136871,0.0047865030355751514,0.0003791289636865258,0.0,0.0,0.0,0.0,0.0,0.0,0.0,0.012416473589837551,0.15070375800132751,0.5707312226295471,0.24178948998451233,0.02194208838045597,0.0022273825015872717,0.0001895644818432629,0.0,0.0,0.0,0.0,0.0,0.06625278294086456,30.203948974609375
C:\Users\Noura\Desktop\ASU UNI TORTURE HELL FIRE\Senior 1\Sem 8\CV\Project\Coin-Counting-System\data\raw\086.jpg,434,478,107,107.0,35968.09375,672.3008422851562,0.9984176158905029,1.0,1.0,14.673463821411133,96.4953384399414,117.99610137939453,0.10747811943292618,0.8891424536705017,0.0028595360927283764,0.0004043788358103484,0.0,0.0,0.0,0.0,0.0,0.0,0.0,0.0,0.0,0.0,8.665260975249112e-05,2.8884203857160173e-05,0.00025995782925747335,0.0038704832550138235,0.04575257748365402,0.14910025894641876,0.11183963716030121,0.14820484817028046,0.15204644203186035,0.24571791291236877,0.0933537483215332,0.04433725029230118,0.00537246186286211,0.00014442102110479027,0.0,0.0,0.0,0.0,0.0,0.0,0.0,0.0028306518215686083,0.03214811906218529,0.12992115318775177,0.20548221468925476,0.2738800048828125,0.2548164427280426,0.08304208517074585,0.014124375768005848,0.0032061466481536627,0.0004043788358103484,0.00014442102110479027,0.0,0.0,0.11374599486589432,44.98671340942383
C:\Users\Noura\Desktop\ASU UNI TORTURE HELL FIRE\Senior 1\Sem 8\CV\Project\Coin-Counting-System\data\raw\087.jpg,398,665,88,88.0,24328.494140625,552.9202880859375,0.9968896508216858,1.0,0.9999589323997498,8.752767562866211,132.39431762695312,133.20484924316406,0.851229727268219,0.14864107966423035,4.3071886466350406e-05,0.0,0.0,0.0,0.0,0.0,0.0,0.0,0.0,0.0,0.0,0.0,0.0,8.614377293270081e-05,0.0,0.0,4.3071886466350406e-05,0.0006030063959769905,0.002756600733846426,0.012361631728708744,0.08562690764665604,0.3250635266304016,0.34871000051498413,0.14351552724838257,0.05104018747806549,0.01796097680926323,0.007882155478000641,0.0027135289274156094,0.001206012791953981,0.0005168626667000353,0.0,4.3071886466350406e-05,0.00038764698547311127,0.05612266808748245,0.16625748574733734,0.13309213519096375,0.10694749653339386,0.08536847680807114,0.07684024423360825,0.06564155220985413,0.056854892522096634,0.04867123067378998,0.0422535203397274,0.04229659214615822,0.05108325928449631,0.06813972443342209,0.17771460115909576,80.92271423339844
C:\Users\Noura\Desktop\ASU UNI TORTURE HELL FIRE\Senior 1\Sem 8\CV\Project\Coin-Counting-System\data\raw\088.jpg,257,472,55,55.0,9503.3173828125,345.5751953125,0.9879681468009949,1.0,0.996643602848053,11.261096954345703,151.71119689941406,80.84458923339844,0.469746857881546,0.5302531719207764,0.0,0.0,0.0,0.0,0.0,0.0,0.0,0.0,0.0,0.0,0.0,0.0,0.0,0.0,0.0,0.0,0.0,0.0,0.0005676012951880693,0.0035191280767321587,0.017028039321303368,0.05471676588058472,0.18185946345329285,0.452605277299881,0.23986831307411194,0.03859689086675644,0.006584175396710634,0.002610966097563505,0.001021682401187718,0.001021682401187718,0.0,0.0,0.00045408104779198766,0.02066068723797798,0.4003859758377075,0.5286638736724854,0.0410943366587162,0.007492337375879288,0.001021682401187718,0.00011352026194799691,0.0,0.00011352026194799691,0.0,0.0,0.0,0.0,0.034396640956401825,38.51435470581055
C:\Users\Noura\Desktop\ASU UNI TORTURE HELL FIRE\Senior 1\Sem 8\CV\Project\Coin-Counting-System\data\raw\088.jpg,126,713,58,58.0,10568.3173828125,364.42474365234375,0.9913249611854553,1.0,0.9978382587432861,10.797866821289062,163.04580688476562,99.22132873535156,0.7425088882446289,0.2571863830089569,0.0,0.0,0.0,0.0,0.0,0.0,0.0,0.0,0.0,0.0,0.0,0.0,0.0,0.0003047232166863978,0.0002031488111242652,0.005586592014878988,0.006196038797497749,0.0047739967703819275,0.011173184029757977,0.021229051053524017,0.02793296054005623,0.029964448884129524,0.06642965972423553,0.14809547364711761,0.3059420883655548,0.278821736574173,0.06876587122678757,0.016658201813697815,0.0053834435530006886,0.0028440833557397127,0.0,0.0,0.0001015744055621326,0.008633824065327644,0.1314372718334198,0.33082783222198486,0.3223971426486969,0.1198577955365181,0.05200609564781189,0.02397155947983265,0.007821229286491871,0.0019299136474728584,0.0008125952444970608,0.0002031488111242652,0.0,0.0,0.1540883630514145,60.199337005615234
C:\Users\Noura\Desktop\ASU UNI TORTURE HELL FIRE\Senior 1\Sem 8\CV\Project\Coin-Counting-System\data\raw\088.jpg,569,502,65,65.0,13273.228515625,408.40704345703125,0.9855778217315674,1.0,0.9954914450645447,10.166787147521973,144.64651489257812,84.3862533569336,0.8721593022346497,0.12784068286418915,0.0,0.0,0.0,0.0,0.0,0.0,0.0,0.0,0.0,0.0,0.0,0.0,0.0,0.0,0.0,0.0,0.0,0.0002409058070043102,0.007066570222377777,0.020637597888708115,0.028507186099886894,0.08905484527349472,0.2650766968727112,0.39508551359176636,0.16983859241008759,0.023126957938075066,0.0010439251782372594,0.0002409058070043102,8.03019356681034e-05,0.0,0.0,0.0,0.0008030193275772035,0.02240424044430256,0.2543965280056,0.6223400235176086,0.0843973308801651,0.01477555651217699,0.0008833212777972221,0.0,0.0,0.0,0.0,0.0,0.0,0.0,0.03557375818490982,26.557357788085938
C:\Users\Noura\Desktop\ASU UNI TORTURE HELL FIRE\Senior 1\Sem 8\CV\Project\Coin-Counting-System\data\raw\088.jpg,558,245,67,67.0,14102.609375,420.9734191894531,0.9924416542053223,1.0,0.997867226600647,22.185413360595703,123.41783905029297,122.92066955566406,0.016273638233542442,0.6414525508880615,0.33677390217781067,0.00015068183711264282,0.0,0.0,0.0,0.0,0.0,0.0,0.0,0.0,0.0,0.0,0.0006780682597309351,0.004671136848628521,0.00286295497789979,0.009266932494938374,0.006479318719357252,0.00866420567035675,0.021246138960123062,0.027198070660233498,0.09282001107931137,0.35907480120658875,0.3651774227619171,0.09078580886125565,0.013787387870252132,0.0018835229566320777,0.00045204549678601325,0.00015068183711264282,0.00015068183711264282,0.0,0.0,0.0,0.0,7.534091855632141e-05,0.0048971595242619514,0.03337602689862251,0.15339410305023193,0.43072402477264404,0.3203495740890503,0.0462593249976635,0.008061477914452553,0.002410909393802285,0.00045204549678601325,0.0,0.0,0.0,0.1457846760749817,46.240360260009766
C:\Users\Noura\Desktop\ASU UNI TORTURE HELL FIRE\Senior 1\Sem 8\CV\Project\Coin-Counting-System\data\raw\088.jpg,295,238,70,70.0,15393.8037109375,439.8229675292969,0.9940057992935181,1.0,0.9981432557106018,12.486177444458008,147.1287841796875,153.29017639160156,0.19379524886608124,0.8062047362327576,0.0,0.0,0.0,0.0,0.0,0.0,0.0,0.0,0.0,0.0,0.0,0.0,0.0,0.0,0.0,0.0,0.0,6.894174293847755e-05,0.0009651844156906009,0.005101689137518406,0.04991382360458374,0.14512236416339874,0.23281626403331757,0.2889348566532135,0.17766287922859192,0.06542571634054184,0.021785590797662735,0.007721475325524807,0.002619786188006401,0.0018614270957186818,0.0,0.0,0.0,0.0013788348296657205,0.007583592087030411,0.023509135469794273,0.05012064799666405,0.09955187886953354,0.18476387858390808,0.19793175160884857,0.1917959302663803,0.15449844300746918,0.07121682167053223,0.016546018421649933,0.0011030678870156407,0.0,0.2557738721370697,81.23871612548828
C:\Users\Noura\Desktop\ASU UNI TORTURE HELL FIRE\Senior 1\Sem 8\CV\Project\Coin-Counting-System\data\raw\088.jpg,391,695,72,72.0,16286.0166015625,452.38934326171875,0.9926350116729736,1.0,0.9980324506759644,7.240811824798584,155.6450958251953,81.60678100585938,0.9965524077415466,0.003317504655569792,0.0,0.0,0.0,0.0,0.0,0.0,0.0,0.0,0.0,0.0,0.0,0.0,0.0,0.00013009822578169405,0.0,0.0,0.0,6.504911289084703e-05,0.0008456384530290961,0.0037077993620187044,0.016327327117323875,0.05503154918551445,0.178559809923172,0.30774736404418945,0.3024783730506897,0.10537955909967422,0.023222532123327255,0.004683536011725664,0.001170884002931416,0.0007805893546901643,0.0,0.0,0.0,0.08222207427024841,0.4335523247718811,0.3035842180252075,0.13146425783634186,0.03480127453804016,0.00988746527582407,0.0034476029686629772,0.0007155402563512325,0.0002601964515633881,6.504911289084703e-05,0.0,0.0,0.0,0.10596500337123871,46.56048583984375
C:\Users\Noura\Desktop\ASU UNI TORTURE HELL FIRE\Senior 1\Sem 8\CV\Project\Coin-Counting-System\data\raw\089.jpg,443,619,80,80.0,20106.193359375,502.6548156738281,0.9954766035079956,1.0,0.999029815196991,9.650321960449219,139.3116912841797,89.35271453857422,0.9411272406578064,0.058872781693935394,0.0,0.0,0.0,0.0,0.0,0.0,0.0,0.0,0.0,0.0,0.0,0.0,0.0,0.0,0.0,0.0,0.0004186508886050433,0.0006279763183556497,0.0008896331419236958,0.0017792662838473916,0.018106650561094284,0.1316133737564087,0.48966455459594727,0.30582448840141296,0.0481971837580204,0.002825893461704254,5.233136107563041e-05,0.0,0.0,0.0,0.0,0.0,0.0,0.006489088758826256,0.16562876105308533,0.5774242281913757,0.22596682608127594,0.023392118513584137,0.0010989586589857936,0.0,0.0,0.0,0.0,0.0,0.0,0.0,0.033858392387628555,23.607240676879883
C:\Users\Noura\Desktop\ASU UNI TORTURE HELL FIRE\Senior 1\Sem 8\CV\Project\Coin-Counting-System\data\raw\089.jpg,389,408,88,88.0,24328.494140625,552.9202880859375,0.9968299269676208,1.0,0.9999589323997498,17.324115753173828,85.69987487792969,155.73239135742188,0.03605116903781891,0.9611060619354248,0.002756600733846426,0.0,0.0,0.0,0.0,0.0,0.0,0.0,0.0,0.0,0.0,0.0,0.0,8.614377293270081e-05,0.0,0.00025843133335001767,0.10776586085557938,0.20075806975364685,0.17448420822620392,0.06891501694917679,0.18572597205638885,0.20596976578235626,0.04294267296791077,0.009906534105539322,0.002756600733846426,0.0005168626667000353,0.0,0.0,0.0,0.0,0.0,0.0,0.0,0.00034457509173080325,0.004005685448646545,0.011930912733078003,0.027049144729971886,0.048585087060928345,0.10854115337133408,0.3177843689918518,0.35603222250938416,0.1148296520113945,0.009734246879816055,0.0005168626667000353,0.00038764698547311127,0.00025843133335001767,0.1645776778459549,54.0363883972168
C:\Users\Noura\Desktop\ASU UNI TORTURE HELL FIRE\Senior 1\Sem 8\CV\Project\Coin-Counting-System\data\raw\090.jpg,214,526,72,72.0,16286.0166015625,452.38934326171875,0.9925456643104553,1.0,0.9979408979415894,10.025629043579102,154.477783203125,128.7833251953125,0.9441227912902832,0.055877186357975006,0.0,0.0,0.0,0.0,0.0,0.0,0.0,0.0,0.0,0.0,0.0,0.0,0.0,0.0,0.0,0.0,0.0007155402563512325,0.003317504655569792,0.00351265212520957,0.004683536011725664,0.011838938109576702,0.04117608815431595,0.11643791198730469,0.4234697222709656,0.32693684101104736,0.05438105762004852,0.010017563588917255,0.002927209949120879,0.0005203929031267762,6.504911289084703e-05,0.0,0.0,0.0,0.0,0.004488388542085886,0.026995381340384483,0.12034085392951965,0.3337019383907318,0.340271919965744,0.11656800657510757,0.03954986110329628,0.013400116935372353,0.004033044911921024,0.0005203929031267762,0.00013009822578169405,0.0,0.1441488265991211,61.75054931640625
C:\Users\Noura\Desktop\ASU UNI TORTURE HELL FIRE\Senior 1\Sem 8\CV\Project\Coin-Counting-System\data\raw\090.jpg,371,497,82,82.0,21124.068359375,515.22119140625,0.9948731064796448,1.0,0.9995747804641724,9.715003967285156,143.66835021972656,103.1378402709961,0.9808276295661926,0.01917235180735588,0.0,0.0,0.0,0.0,0.0,0.0,0.0,0.0,0.0,0.0,0.0,0.0,0.0,0.0,0.0,0.0,0.0,0.0,0.0010457646567374468,0.004780638497322798,0.019969124346971512,0.10029380768537521,0.3432598114013672,0.41188186407089233,0.1072157770395279,0.008465713821351528,0.0020417310297489166,0.0006971764378249645,0.00024899159325286746,9.959663293557242e-05,0.0,0.0,4.979831646778621e-05,0.0035356804728507996,0.028235645964741707,0.19515959918498993,0.5788058638572693,0.16702355444431305,0.02445097267627716,0.0025895123835653067,9.959663293557242e-05,4.979831646778621e-05,0.0,0.0,0.0,0.0,0.08804342150688171,34.813621520996094
C:\Users\Noura\Desktop\ASU UNI TORTURE HELL FIRE\Senior 1\Sem 8\CV\Project\Coin-Counting-System\data\raw\091.jpg,396,667,77,77.0,18626.501953125,483.8052673339844,0.994037926197052,1.0,0.9988706707954407,10.028474807739258,136.8804931640625,144.2396240234375,0.784489095211029,0.21545429527759552,0.0,0.0,0.0,0.0,0.0,0.0,0.0,0.0,0.0,0.0,0.0,0.0,0.0,5.660911483573727e-05,0.0,0.0,0.000339654681738466,0.0006227002595551312,0.002094537252560258,0.003792810719460249,0.04324936494231224,0.22394566237926483,0.42303991317749023,0.21885083615779877,0.0611378438770771,0.01619020663201809,0.004528729245066643,0.0012454005191102624,0.0006227002595551312,0.000339654681738466,0.0,0.0,0.000169827340869233,0.004358901642262936,0.0410982184112072,0.12997452914714813,0.1416926085948944,0.12499292194843292,0.13037079572677612,0.09323520958423615,0.06272289901971817,0.06345881521701813,0.054967448115348816,0.05723181366920471,0.05791112408041954,0.03781488910317421,0.21800169348716736,69.93622589111328
C:\Users\Noura\Desktop\ASU UNI TORTURE HELL FIRE\Senior 1\Sem 8\CV\Project\Coin-Counting-System\data\raw\092.jpg,319,367,61,61.0,11689.8662109375,383.2742919921875,0.9884719252586365,1.0,0.9964035153388977,10.26876163482666,149.30990600585938,99.45120239257812,0.9495097398757935,0.05049024149775505,0.0,0.0,0.0,0.0,0.0,0.0,0.0,0.0,0.0,0.0,0.0,0.0,0.0,0.0,0.0,0.0,9.163383219856769e-05,0.0010079721687361598,0.0021992118563503027,0.009163383394479752,0.02180885151028633,0.052964355796575546,0.2110327184200287,0.47475486993789673,0.1781361699104309,0.03628699854016304,0.008247044868767262,0.0023824796080589294,0.0011912398040294647,0.0007330706575885415,0.0,0.0,0.0,0.0007330706575885415,0.024557866156101227,0.4444240927696228,0.3899019658565521,0.08815174549818039,0.031430404633283615,0.012187299318611622,0.004306789953261614,0.002474113367497921,0.0007330706575885415,0.000641436839941889,0.00036653532879427075,9.163383219856769e-05,0.10812792181968689,58.003753662109375
C:\Users\Noura\Desktop\ASU UNI TORTURE HELL FIRE\Senior 1\Sem 8\CV\Project\Coin-Counting-System\data\raw\092.jpg,314,580,78,78.0,19113.44921875,490.08843994140625,0.9949873685836792,1.0,0.9989773035049438,7.84761381149292,143.37815856933594,81.96083068847656,0.9932137727737427,0.006786206737160683,0.0,0.0,0.0,0.0,0.0,0.0,0.0,0.0,0.0,0.0,0.0,0.0,0.0,0.0,0.0,0.0,0.0,5.5172415159177035e-05,0.001158620696514845,0.008772414177656174,0.03238620609045029,0.13737930357456207,0.3166896402835846,0.33638620376586914,0.1288827657699585,0.028468964621424675,0.006179310381412506,0.0022620689123868942,0.0008275862201116979,0.0005517241661436856,0.0,0.0,0.0005517241661436856,0.08871724456548691,0.3935999870300293,0.3485241234302521,0.12634482979774475,0.03095172345638275,0.00722758611664176,0.0022068966645747423,0.001158620696514845,0.0005517241661436856,0.00011034483031835407,5.5172415159177035e-05,0.0,0.0,0.11641379445791245,45.98057556152344
C:\Users\Noura\Desktop\ASU UNI TORTURE HELL FIRE\Senior 1\Sem 8\CV\Project\Coin-Counting-System\data\raw\092.jpg,521,583,90,90.0,25446.900390625,565.4866943359375,0.9974673986434937,1.0,0.9997233152389526,13.778266906738281,93.47599792480469,100.1498794555664,0.22531156241893768,0.7742360234260559,0.00045243286876939237,0.0,0.0,0.0,0.0,0.0,0.0,0.0,0.0,0.0,0.0,0.0,0.0,0.0,0.0,8.226052159443498e-05,0.01357298530638218,0.10537572205066681,0.3124254643917084,0.10068687796592712,0.09464072436094284,0.28643113374710083,0.07995722442865372,0.0061695389449596405,0.0004113026079721749,0.00016452104318886995,8.226052159443498e-05,0.0,0.0,0.0,0.0,0.0,0.0,0.0011105169542133808,0.06132521852850914,0.34767407178878784,0.3941923975944519,0.15979105234146118,0.027721794322133064,0.004853370599448681,0.0015218196203932166,0.0007814749260433018,0.0005346933612599969,0.0003701723471749574,8.226052159443498e-05,4.113026079721749e-05,0.050960391759872437,35.624568939208984
C:\Users\Noura\Desktop\ASU UNI TORTURE HELL FIRE\Senior 1\Sem 8\CV\Project\Coin-Counting-System\data\raw\093.jpg,420,576,72,72.0,16286.0166015625,452.38934326171875,0.9926350116729736,1.0,0.9980324506759644,21.799388885498047,135.0863800048828,165.24139404296875,0.0,0.7079945206642151,0.2920054495334625,0.0,0.0,0.0,0.0,0.0,0.0,0.0,0.0,0.0,0.0,0.0,0.0,0.0,0.0,0.0,0.0,6.504911289084703e-05,0.0002601964515633881,0.008066089823842049,0.10069602727890015,0.31867560744285583,0.32934364676475525,0.12417875230312347,0.05073830857872963,0.028686657547950745,0.014440902508795261,0.00858648307621479,0.0052039287984371185,0.011058349162340164,0.0,0.0,0.0002601964515633881,0.00253691547550261,0.007805893663316965,0.014766148291528225,0.030833279713988304,0.09028816968202591,0.14850711822509766,0.15410134196281433,0.1520848274230957,0.1464255452156067,0.11702335625886917,0.08501918613910675,0.04319261014461517,0.007155402097851038,0.23430690169334412,99.09993743896484
C:\Users\Noura\Desktop\ASU UNI TORTURE HELL FIRE\Senior 1\Sem 8\CV\Project\Coin-Counting-System\data\raw\094.jpg,343,458,64,64.0,12867.9638671875,402.1238708496094,0.9882676601409912,1.0,0.9961461424827576,11.307934761047363,155.7052459716797,136.37078857421875,0.8481054902076721,0.14758311212062836,0.0,0.0,0.0,0.0,0.0,0.0,0.0,0.0,0.0,0.0,0.0,0.00016582373064011335,0.0012436779215931892,0.0029019152279943228,0.0,0.001575325382873416,0.004145593382418156,0.0029019152279943228,0.005140535533428192,0.01741149090230465,0.02570267766714096,0.04178757965564728,0.0901251956820488,0.28538262844085693,0.4090871512889862,0.09070558100938797,0.019733022898435593,0.004560152534395456,0.0011607661144807935,0.0005803830572403967,0.0,0.0,0.0,0.0,0.0008291186532005668,0.015836166217923164,0.0522344745695591,0.18854157626628876,0.46986153721809387,0.1971644163131714,0.047093939036130905,0.016748197376728058,0.0050576236099004745,0.004228505305945873,0.0019069728441536427,0.0004974711919203401,0.14841224253177643,65.99657440185547
C:\Users\Noura\Desktop\ASU UNI TORTURE HELL FIRE\Senior 1\Sem 8\CV\Project\Coin-Counting-System\data\raw\094.jpg,479,540,73,73.0,16741.546875,458.6725158691406,0.995776891708374,1.0,1.0,10.053500175476074,146.81382751464844,103.12211608886719,0.9444128274917603,0.055587176233530045,0.0,0.0,0.0,0.0,0.0,0.0,0.0,0.0,0.0,0.0,0.0,0.0,0.0,0.0,0.0,0.0,0.0,0.0,0.001454499433748424,0.008474040776491165,0.025422120466828346,0.06020363047719002,0.2690823972225189,0.4458357095718384,0.1733383983373642,0.014228799380362034,0.0015809776959940791,0.00025295643717981875,6.323910929495469e-05,6.323910929495469e-05,0.0,0.0,6.323910929495469e-05,0.0012647821567952633,0.014797951094806194,0.18744070827960968,0.6251185536384583,0.1460191011428833,0.022449882701039314,0.0024030860513448715,0.00044267374323680997,0.0,0.0,0.0,0.0,0.0,0.06583190709352493,32.32380294799805
C:\Users\Noura\Desktop\ASU UNI TORTURE HELL FIRE\Senior 1\Sem 8\CV\Project\Coin-Counting-System\data\raw\094.jpg,288,630,85,85.0,22698.0078125,534.0707397460938,0.9964677095413208,1.0,0.9996472597122192,8.91321849822998,140.14004516601562,72.92407989501953,0.9746174216270447,0.02538258768618107,0.0,0.0,0.0,0.0,0.0,0.0,0.0,0.0,0.0,0.0,0.0,0.0,0.0,0.0,0.0,4.623422137228772e-05,0.0004161079996265471,0.0007859817706048489,0.0021267742849886417,0.012205834500491619,0.0573766715824604,0.20634333789348602,0.30930694937705994,0.25072818994522095,0.10444311052560806,0.03980766609311104,0.011049979366362095,0.002820287598297,0.0013870266266167164,0.0011558555997908115,0.0,4.623422137228772e-05,0.0043460167944431305,0.2926163971424103,0.4327060878276825,0.18290258944034576,0.0632484182715416,0.0187710952013731,0.003883674740791321,0.0007397475419566035,0.0005085764569230378,4.623422137228772e-05,4.623422137228772e-05,9.246844274457544e-05,4.623422137228772e-05,0.0,0.1480419784784317,49.72535705566406
C:\Users\Noura\Desktop\ASU UNI TORTURE HELL FIRE\Senior 1\Sem 8\CV\Project\Coin-Counting-System\data\raw\095.jpg,391,518,62,62.0,12076.2822265625,389.5574951171875,0.991649329662323,1.0,0.9973509907722473,24.888120651245117,125.43635559082031,229.7993621826172,0.0,0.1367703080177307,0.8632296919822693,0.0,0.0,0.0,0.0,0.0,0.0,0.0,0.0,0.0,0.0,0.0,0.0,0.0,0.0,0.0,0.0,0.00017716361617203802,0.015678979456424713,0.09221366047859192,0.17689786851406097,0.30729028582572937,0.2372220754623413,0.07821773737668991,0.03888741135597229,0.025157231837511063,0.012578615918755531,0.006732217036187649,0.004694835748523474,0.004251926671713591,0.0,0.0,0.0,0.0,0.0,0.000974399852566421,0.0052263266406953335,0.01142705325037241,0.01842501573264599,0.02498006820678711,0.04127912223339081,0.04615112021565437,0.056869518011808395,0.06997962296009064,0.13464434444904327,0.5900434255599976,0.258836030960083,132.3579559326172
C:\Users\Noura\Desktop\ASU UNI TORTURE HELL FIRE\Senior 1\Sem 8\CV\Project\Coin-Counting-System\data\raw\095.jpg,414,667,71,71.0,15836.7685546875,446.1061706542969,0.9964891672134399,1.0,1.0,17.5728816986084,130.99264526367188,86.15205383300781,0.0033447053283452988,0.9935781359672546,0.003077128902077675,0.0,0.0,0.0,0.0,0.0,0.0,0.0,0.0,0.0,0.0,0.0,0.0,0.0,0.0,0.0,6.689410656690598e-05,0.0020068231970071793,0.007625928148627281,0.013913974165916443,0.06448592245578766,0.3508595824241638,0.33808282017707825,0.18409258127212524,0.02802863158285618,0.007157669402658939,0.002408187836408615,0.0008027292788028717,0.00020068231970071793,0.0002675764262676239,0.0,0.0,0.0007358351722359657,0.002876446582376957,0.24657167494297028,0.6180346608161926,0.10080941766500473,0.018931033089756966,0.007492139935493469,0.002742658369243145,0.0010703057050704956,0.0006689410656690598,6.689410656690598e-05,0.0,0.0,0.0,0.07258010655641556,47.05717849731445
C:\Users\Noura\Desktop\ASU UNI TORTURE HELL FIRE\Senior 1\Sem 8\CV\Project\Coin-Counting-System\data\raw\095.jpg,331,595,74,74.0,17203.361328125,464.9557189941406,0.9956493377685547,1.0,0.9997093081474304,27.3769474029541,92.21537780761719,109.90419006347656,0.09359029680490494,0.6829013228416443,0.14654269814491272,0.0017856042832136154,0.00043100793845951557,0.0001231451315106824,0.0017240317538380623,6.15725657553412e-05,0.0006772981723770499,0.004925805144011974,0.004494796972721815,0.00387907144613564,0.01194507721811533,0.004741087555885315,0.009235884062945843,0.03294132277369499,0.058678653091192245,0.1021488830447197,0.04322393983602524,0.029554830864071846,0.04310079291462898,0.17338833212852478,0.2377932369709015,0.13669109344482422,0.08521642535924911,0.04734930023550987,0.018102332949638367,0.011698787100613117,0.005849393550306559,0.0025244751013815403,0.002155039692297578,0.0025244751013815403,0.0,0.000184717689990066,0.0054799579083919525,0.07185517996549606,0.18434825539588928,0.366356760263443,0.14728157222270966,0.03312603756785393,0.018163906410336494,0.013730681501328945,0.012683947570621967,0.010344190523028374,0.012560802511870861,0.014161689206957817,0.021057816222310066,0.08866449445486069,0.16070438921451569,103.66159057617188
C:\Users\Noura\Desktop\ASU UNI TORTURE HELL FIRE\Senior 1\Sem 8\CV\Project\Coin-Counting-System\data\raw\096.jpg,197,414,52,52.0,8494.8662109375,326.72564697265625,0.986193835735321,1.0,0.9960643649101257,12.098916053771973,123.09317779541016,158.82052612304688,0.8755895495414734,0.10771191865205765,0.00025493945577181876,0.00025493945577181876,0.0,0.0,0.00025493945577181876,0.00012746972788590938,0.0006373486248776317,0.0014021670212969184,0.001912045874632895,0.0016571064479649067,0.001019757823087275,0.001019757823087275,0.0011472274782136083,0.0070108347572386265,0.00994263868778944,0.008795411325991154,0.00548119843006134,0.0070108347572386265,0.012109624221920967,0.04499681293964386,0.1827915906906128,0.3241555094718933,0.2323773056268692,0.09305290132761002,0.04295729845762253,0.022179732099175453,0.00905035063624382,0.00293180369772017,0.0015296366764232516,0.0006373486248776317,0.0,0.0,0.0003824091691058129,0.00293180369772017,0.016571063548326492,0.029190566390752792,0.04869343712925911,0.09560229629278183,0.1344805657863617,0.16022944450378418,0.16978967189788818,0.1562778800725937,0.10681962966918945,0.0535372830927372,0.01963033713400364,0.00586360739544034,0.3005736172199249,93.84716033935547
C:\Users\Noura\Desktop\ASU UNI TORTURE HELL FIRE\Senior 1\Sem 8\CV\Project\Coin-Counting-System\data\raw\096.jpg,310,413,58,58.0,10568.3173828125,364.42474365234375,0.9915351867675781,1.0,0.9979315400123596,10.556017875671387,126.78364562988281,111.98151397705078,0.8050787448883057,0.19481970369815826,0.0,0.0,0.0,0.0,0.0,0.0,0.0,0.0,0.0,0.0,0.0,0.0,0.0,0.0001015744055621326,0.0,0.0013204672141000628,0.003047232050448656,0.002742508891969919,0.0036566786002367735,0.006602336186915636,0.08776028454303741,0.46287456154823303,0.3142712116241455,0.09090909361839294,0.019400710240006447,0.004062976222485304,0.0016251904889941216,0.0004062976222485304,0.0003047232166863978,0.001015744055621326,0.0,0.0,0.0002031488111242652,0.003250380977988243,0.01493143755942583,0.09070593863725662,0.36292535066604614,0.40873539447784424,0.1028948724269867,0.01594718173146248,0.0004062976222485304,0.0,0.0,0.0,0.0,0.0,0.08613509684801102,47.19510269165039
C:\Users\Noura\Desktop\ASU UNI TORTURE HELL FIRE\Senior 1\Sem 8\CV\Project\Coin-Counting-System\data\raw\096.jpg,187,571,60,60.0,11309.7333984375,376.9911193847656,0.9855995774269104,1.0,0.9945776462554932,20.442550659179688,121.57525634765625,131.7767333984375,0.004925641696900129,0.6591835021972656,0.33589088916778564,0.0,0.0,0.0,0.0,0.0,0.0,0.0,0.0,0.0,0.0,0.0,0.0,0.0,0.0,0.0,0.0,0.0005683432682417333,0.015061097219586372,0.1335606724023819,0.24694515764713287,0.2465662658214569,0.18925830721855164,0.08951406925916672,0.040825992822647095,0.01866060495376587,0.008335701189935207,0.004452022258192301,0.0027469925116747618,0.0035047836136072874,0.0,0.0,0.0005683432682417333,0.005304537247866392,0.02955385111272335,0.08089419454336166,0.1488112211227417,0.18603770434856415,0.1938050538301468,0.16936630010604858,0.11537368595600128,0.04726721718907356,0.01752391830086708,0.004830917809158564,0.000663067155983299,0.0,0.2324524074792862,92.7096176147461
C:\Users\Noura\Desktop\ASU UNI TORTURE HELL FIRE\Senior 1\Sem 8\CV\Project\Coin-Counting-System\data\raw\096.jpg,554,414,62,62.0,12076.2822265625,389.5574951171875,0.991649329662323,1.0,0.9973509907722473,21.568872451782227,126.53697967529297,169.34042358398438,0.004960581194609404,0.7027194499969482,0.2909912168979645,0.0007086544646881521,8.858180808601901e-05,0.0,8.858180808601901e-05,8.858180808601901e-05,0.0,0.0,8.858180808601901e-05,0.0,0.0,0.0,0.0,0.0002657454169820994,0.0032775267027318478,0.006732217036187649,0.004960581194609404,0.004606253933161497,0.007706617005169392,0.014527415856719017,0.08264682441949844,0.46656036376953125,0.24971210956573486,0.08911329507827759,0.04393657669425011,0.017982106655836105,0.0052263266406953335,0.0015944724436849356,0.00017716361617203802,0.001240145298652351,0.0,0.0,0.00035432723234407604,0.0014173089293763041,0.002214545151218772,0.0023031269665807486,0.01036407146602869,0.04446806758642197,0.0894676223397255,0.14917175471782684,0.24572592973709106,0.2814244031906128,0.14447692036628723,0.025600140914320946,0.0025688724126666784,0.0004429090186022222,0.2461688369512558,77.39774322509766
C:\Users\Noura\Desktop\ASU UNI TORTURE HELL FIRE\Senior 1\Sem 8\CV\Project\Coin-Counting-System\data\raw\096.jpg,430,406,64,64.0,12867.9638671875,402.1238708496094,0.9882676601409912,1.0,0.9961461424827576,9.9912109375,130.83152770996094,174.44308471679688,0.7860873937606812,0.213498055934906,0.0004145593266002834,0.0,0.0,0.0,0.0,0.0,0.0,0.0,0.0,0.0,0.0,0.0,0.0,0.0,0.0,0.0,0.0,0.0017411491135135293,0.004062681458890438,0.023546969518065453,0.12387032806873322,0.33197909593582153,0.30503275990486145,0.12627476453781128,0.04245087504386902,0.01915264129638672,0.010198159143328667,0.004560152534395456,0.0024873558431863785,0.004643064457923174,0.0,0.0,8.291186532005668e-05,8.291186532005668e-05,0.0024044441524893045,0.01235386822372675,0.04900091141462326,0.11184810847043991,0.12179753184318542,0.11126772314310074,0.10811707377433777,0.12511400878429413,0.09808473289012909,0.07851753383874893,0.08374098688364029,0.09758726507425308,0.2342260181903839,98.92391967773438
C:\Users\Noura\Desktop\ASU UNI TORTURE HELL FIRE\Senior 1\Sem 8\CV\Project\Coin-Counting-System\data\raw\096.jpg,470,571,71,71.0,15836.7685546875,446.1061706542969,0.9964891672134399,1.0,1.0,28.161348342895508,68.04883575439453,110.0820083618164,0.41654959321022034,0.4374874532222748,0.009030704386532307,0.002341293729841709,0.0006020469591021538,0.0006689410656690598,0.002541976049542427,0.0013378821313381195,0.0019399290904402733,0.008495551533997059,0.021473009139299393,0.011371998116374016,0.015318750403821468,0.002943340688943863,0.0089638102799654,0.05893370881676674,0.12756706774234772,0.14964210987091064,0.14301960170269012,0.08589203655719757,0.042210180312395096,0.07813231647014618,0.146966353058815,0.18242022395133972,0.03652418404817581,0.006421834230422974,0.0012040939182043076,0.0,0.0,0.0,0.0,0.0,0.0,0.0,0.0,0.00046825874596834183,0.014047762379050255,0.206033855676651,0.3293865919113159,0.29580575227737427,0.12669743597507477,0.02187437377870083,0.0040805405005812645,0.0013378821313381195,0.00013378821313381195,0.00013378821313381195,0.0,0.0,0.12428925186395645,49.29647445678711
C:\Users\Noura\Desktop\ASU UNI TORTURE HELL FIRE\Senior 1\Sem 8\CV\Project\Coin-Counting-System\data\raw\096.jpg,328,578,74,74.0,17203.361328125,464.9557189941406,0.9956493377685547,1.0,0.9997093081474304,14.933440208435059,136.11009216308594,88.78665161132812,0.053137123584747314,0.9468628764152527,0.0,0.0,0.0,0.0,0.0,0.0,0.0,0.0,0.0,0.0,0.0,0.0,0.0,0.0,0.0,0.0,0.0,0.0009851610520854592,0.00800443347543478,0.02709192782640457,0.06403546780347824,0.19931039214134216,0.37374547123908997,0.2318207025527954,0.062003571540117264,0.020134227350354195,0.007203990127891302,0.0028939105104655027,0.0012930238153785467,0.001477741519920528,0.0,0.0002462902630213648,0.0009235884645022452,0.015208423137664795,0.24265746772289276,0.526814877986908,0.13595221936702728,0.041992489248514175,0.01958007551729679,0.008558586239814758,0.004494796972721815,0.0019703221041709185,0.0011083061108365655,0.0004925805260427296,0.0,0.0,0.1274552047252655,67.42974090576172
C:\Users\Noura\Desktop\ASU UNI TORTURE HELL FIRE\Senior 1\Sem 8\CV\Project\Coin-Counting-System\data\raw\096.jpg,622,571,80,80.0,20106.193359375,502.6548156738281,0.9956969618797302,1.0,0.9992036819458008,31.850332260131836,56.569942474365234,118.2815933227539,0.040556807070970535,0.6097650527954102,0.14569051563739777,0.06159401312470436,0.023496782407164574,0.004919148050248623,0.017688000574707985,0.010989585891366005,0.02705531381070614,0.02736930176615715,0.014652781188488007,0.0024595740251243114,0.002145585836842656,0.0006803076830692589,0.006070437841117382,0.004866816569119692,0.27337902784347534,0.1470511257648468,0.04176042601466179,0.022921137511730194,0.05018577724695206,0.24820764362812042,0.20278403162956238,0.01208854466676712,0.0010989586589857936,5.233136107563041e-05,0.00010466272215126082,5.233136107563041e-05,5.233136107563041e-05,0.00020932544430252165,0.0,5.233136107563041e-05,0.0,0.00015699407958891243,0.00015699407958891243,0.002407242776826024,0.01229786965996027,0.04233607277274132,0.2628081142902374,0.4263959527015686,0.20403997600078583,0.03668428584933281,0.009942959062755108,0.002197917317971587,0.0005756450118497014,0.0,0.0,0.0,0.1381547898054123,51.192955017089844
C:\Users\Noura\Desktop\ASU UNI TORTURE HELL FIRE\Senior 1\Sem 8\CV\Project\Coin-Counting-System\data\raw\097.jpg,154,580,79,79.0,19606.6796875,496.37164306640625,0.997004508972168,1.0,0.9998977780342102,17.336307525634766,142.1110382080078,78.61032104492188,0.042569201439619064,0.8865358829498291,0.07073367387056351,0.00016124697867780924,0.0,0.0,0.0,0.0,0.0,0.0,0.0,0.0,0.0,0.0,0.0,0.0,0.0,0.0,0.00010749798093456775,0.0009137328597716987,0.008492340333759785,0.024724535644054413,0.05563020706176758,0.17274926602840424,0.3125503957271576,0.23552808165550232,0.09029830992221832,0.05084654688835144,0.023434560745954514,0.011824778281152248,0.006503628101199865,0.006396130193024874,0.0,0.00037624294054694474,0.014727223664522171,0.16710561513900757,0.38994893431663513,0.27653855085372925,0.10642300546169281,0.03337812423706055,0.009836065582931042,0.0015587207162752748,0.00010749798093456775,0.0,0.0,0.0,0.0,0.0,0.16457942128181458,62.71894454956055
C:\Users\Noura\Desktop\ASU UNI TORTURE HELL FIRE\Senior 1\Sem 8\CV\Project\Coin-Counting-System\data\raw\097.jpg,418,385,82,82.0,21124.068359375,515.22119140625,0.9948731064796448,1.0,0.9995747804641724,12.131318092346191,157.81678771972656,122.87859344482422,0.3675115704536438,0.6311438679695129,0.0012449579080566764,0.0,0.0,0.0,0.0,0.0,0.0,0.0,0.0,0.0,0.0,0.0,0.0,9.959663293557242e-05,0.0,0.0,0.0,0.00019919326587114483,0.0005975798121653497,0.003934067208319902,0.018624570220708847,0.0642896294593811,0.14795079827308655,0.29545339941978455,0.2967979609966278,0.10880932211875916,0.03764752671122551,0.015288082882761955,0.006971764378249645,0.0034360839053988457,0.0,0.0,0.0,0.0017927393782883883,0.029281409457325935,0.10148897022008896,0.2409740537405014,0.22742891311645508,0.17992131412029266,0.12987400591373444,0.06055475398898125,0.02001892402768135,0.005428016651421785,0.002440117532387376,0.0005975798121653497,0.00019919326587114483,0.2197599709033966,66.1561050415039
C:\Users\Noura\Desktop\ASU UNI TORTURE HELL FIRE\Senior 1\Sem 8\CV\Project\Coin-Counting-System\data\raw\097.jpg,418,643,94,94.0,27759.11328125,590.6194458007812,0.9978712201118469,1.0,1.0,19.36058807373047,138.35231018066406,84.7469253540039,0.9102954864501953,0.006135893054306507,0.0006775832735002041,0.0002258610911667347,0.00011293054558336735,3.7643516407115385e-05,0.0,0.0,0.0,0.0,0.0,0.0,7.528703281423077e-05,0.0002258610911667347,0.0008658008882775903,0.08134763687849045,3.7643516407115385e-05,0.001091661979444325,0.005458309780806303,0.011293054558336735,0.02134387381374836,0.04201016202569008,0.09873893857002258,0.17462827265262604,0.13905514776706696,0.227555051445961,0.2215697318315506,0.04238659888505936,0.01005081832408905,0.0035761340986937284,0.0008281573536805809,0.00037643517134711146,0.0,0.0005646527279168367,0.008093356154859066,0.12290608137845993,0.25074344873428345,0.3756822943687439,0.18200640380382538,0.031168831512331963,0.012723508290946484,0.0067005460150539875,0.004592509008944035,0.0024844720028340816,0.0010540185030549765,0.0008281573536805809,0.0004517221823334694,0.0,0.11808770895004272,68.55833435058594
C:\Users\Noura\Desktop\ASU UNI TORTURE HELL FIRE\Senior 1\Sem 8\CV\Project\Coin-Counting-System\data\raw\098.jpg,248,574,58,58.0,10568.3173828125,364.42474365234375,0.9913249611854553,1.0,0.9978382587432861,6.824987411499023,157.9725799560547,79.25109100341797,0.9941086769104004,0.0049771456979215145,0.0,0.0,0.0,0.0,0.0,0.0,0.0,0.0,0.0,0.0,0.0,0.0,0.0,0.0009141696500591934,0.0,0.0,0.0,0.0,0.0011173184029757977,0.005688166711479425,0.013204672373831272,0.038395125418901443,0.1268664300441742,0.38252919912338257,0.26490604877471924,0.11549009382724762,0.037582527846097946,0.01086846087127924,0.0021330625750124454,0.0012188928667455912,0.0,0.0,0.0001015744055621326,0.020213305950164795,0.6306754946708679,0.26196038722991943,0.053529709577560425,0.022854240611195564,0.006907059345394373,0.0026409344282001257,0.0009141696500591934,0.0002031488111242652,0.0,0.0,0.0,0.0,0.09994921088218689,49.49107360839844
C:\Users\Noura\Desktop\ASU UNI TORTURE HELL FIRE\Senior 1\Sem 8\CV\Project\Coin-Counting-System\data\raw\098.jpg,464,574,71,71.0,15836.7685546875,446.1061706542969,0.9964891672134399,1.0,1.0,11.905211448669434,181.47067260742188,134.87818908691406,0.36136195063591003,0.6386380195617676,0.0,0.0,0.0,0.0,0.0,0.0,0.0,0.0,0.0,0.0,0.0,0.0,0.0,0.0,0.0,0.0,0.0,0.0,0.0,0.0,0.0016054585576057434,0.006288046017289162,0.016121480613946915,0.06642584502696991,0.2521907687187195,0.4021673798561096,0.18910963833332062,0.04736102744936943,0.012174727395176888,0.006555622443556786,0.0,0.0,0.0,0.00013378821313381195,0.0011371998116374016,0.01725867949426174,0.09171181917190552,0.2211519181728363,0.3773496448993683,0.20984680950641632,0.05438490957021713,0.014516021125018597,0.0066894106566905975,0.004950163885951042,0.0008696233853697777,0.0,0.16850624978542328,60.75497817993164
C:\Users\Noura\Desktop\ASU UNI TORTURE HELL FIRE\Senior 1\Sem 8\CV\Project\Coin-Counting-System\data\raw\098.jpg,343,480,74,74.0,17203.361328125,464.9557189941406,0.9955558776855469,1.0,0.9997093677520752,6.312726974487305,160.2584228515625,87.21390533447266,0.9890400767326355,0.0033864909783005714,0.0,0.0,0.0,0.0,0.0,0.0,0.0,0.0,0.0,0.0,0.0,0.0,0.0,0.007573425304144621,0.0,0.0,0.0,0.0,0.0014161689905449748,0.010159472934901714,0.029924266040325165,0.07844344526529312,0.16926297545433044,0.2163659930229187,0.20294316112995148,0.15122221410274506,0.08989594131708145,0.02980112098157406,0.013545963913202286,0.007019272074103355,0.0,0.0,0.0025860476307570934,0.1699402779340744,0.27535250782966614,0.21531926095485687,0.17098701000213623,0.09451388567686081,0.049258049577474594,0.01736346259713173,0.00387907144613564,0.000800443347543478,0.0,0.0,0.0,0.0,0.19604703783988953,68.05651092529297
C:\Users\Noura\Desktop\ASU UNI TORTURE HELL FIRE\Senior 1\Sem 8\CV\Project\Coin-Counting-System\data\raw\098.jpg,350,738,92,92.0,26590.439453125,578.0530395507812,0.9977952837944031,1.0,1.0,11.279740333557129,130.51876831054688,93.87010955810547,0.8708193898200989,0.10493220388889313,0.000903910375200212,0.0007860090117901564,0.00035370406112633646,7.860090408939868e-05,0.00035370406112633646,0.001100412686355412,0.0047553544864058495,0.0011397131020203233,0.0008253094856627285,0.00035370406112633646,0.00043230497976765037,0.00031440361635759473,0.000903910375200212,0.011947337538003922,0.006405973806977272,0.009274906478822231,0.011750834994018078,0.016152486205101013,0.023894675076007843,0.062134016305208206,0.1636863797903061,0.12890547513961792,0.10949105769395828,0.2659461498260498,0.17869915068149567,0.020043229684233665,0.0029868343845009804,0.00035370406112633646,0.00011790135613409802,0.00015720180817879736,0.0,0.0,0.0011397131020203233,0.0371389277279377,0.23053644597530365,0.2515621781349182,0.3568088114261627,0.07290233671665192,0.023580271750688553,0.0110434265807271,0.0051483591087162495,0.0031440360471606255,0.002358027035370469,0.0019257221138104796,0.001257614465430379,0.001454116776585579,0.11078797280788422,85.80967712402344
C:\Users\Noura\Desktop\ASU UNI TORTURE HELL FIRE\Senior 1\Sem 8\CV\Project\Coin-Counting-System\data\raw\099.jpg,396,331,70,70.0,15393.8037109375,439.8229675292969,0.9938111305236816,1.0,0.9980453252792358,5.392829895019531,165.28741455078125,113.35243225097656,0.9986211657524109,0.0001378834858769551,0.0,0.0,0.0,0.0,0.0,0.0,0.0,0.0,0.0,0.0,0.0,0.0,0.0,0.0012409513583406806,0.0,0.0,0.00020682523609139025,0.0003447087074164301,0.0012409513583406806,0.0028955533634871244,0.0029644949827343225,0.0071699414402246475,0.039434678852558136,0.23764219880104065,0.5007928013801575,0.18145467340946198,0.021647708490490913,0.0037917960435152054,0.0004136504721827805,0.0,0.0,0.0,0.0,0.0,0.0053085144609212875,0.038538433611392975,0.40482592582702637,0.4570837616920471,0.08728025108575821,0.00682523287832737,0.0001378834858769551,0.0,0.0,0.0,0.0,0.0,0.018958980217576027,26.0069637298584
C:\Users\Noura\Desktop\ASU UNI TORTURE HELL FIRE\Senior 1\Sem 8\CV\Project\Coin-Counting-System\data\raw\100.jpg,418,554,59,59.0,10935.8837890625,370.70794677734375,0.9893957376480103,1.0,0.9965309500694275,5.9689860343933105,180.58729553222656,105.17332458496094,0.9942094683647156,0.002944351639598608,0.0,0.0,0.0,0.0,0.0,0.0,0.0,0.0,0.0,0.0,0.0,0.0,0.0,0.002846206771209836,0.0,0.0,9.814505756366998e-05,0.0003925802302546799,0.0007851604605093598,0.0008833055035211146,0.0017666110070422292,0.006575718987733126,0.02267150767147541,0.08371773362159729,0.22328001260757446,0.4083815813064575,0.19020512700080872,0.04848365858197212,0.009520070627331734,0.003238786943256855,0.0,0.0,0.0004907252732664347,0.0034350771456956863,0.03336932137608528,0.2505643367767334,0.41397586464881897,0.1988418847322464,0.07086072862148285,0.01884385198354721,0.007753459736704826,0.0016684660222381353,9.814505756366998e-05,9.814505756366998e-05,0.0,0.0,0.07095887511968613,45.882728576660156
C:\Users\Noura\Desktop\ASU UNI TORTURE HELL FIRE\Senior 1\Sem 8\CV\Project\Coin-Counting-System\data\raw\101.jpg,156,457,72,72.0,16286.0166015625,452.38934326171875,0.9925456643104553,1.0,0.9979408979415894,13.945293426513672,187.00143432617188,107.77362823486328,0.0037077993620187044,0.9962921738624573,0.0,0.0,0.0,0.0,0.0,0.0,0.0,0.0,0.0,0.0,0.0,0.0,0.0,0.0,0.0,0.0,0.0,0.0,0.0,0.0002601964515633881,0.004488388542085886,0.013270018622279167,0.025889545679092407,0.05034801363945007,0.12138164043426514,0.3641449213027954,0.2959084212779999,0.0921095460653305,0.020165225490927696,0.01203408557921648,0.0,0.0,6.504911289084703e-05,0.0060495673678815365,0.015546738170087337,0.1663956344127655,0.4918363392353058,0.234892338514328,0.04494893550872803,0.019254537299275398,0.010082612745463848,0.005529174581170082,0.003772848518565297,0.0011058349628001451,0.00045534377568401396,6.504911289084703e-05,0.14427892863750458,67.17120361328125
C:\Users\Noura\Desktop\ASU UNI TORTURE HELL FIRE\Senior 1\Sem 8\CV\Project\Coin-Counting-System\data\raw\101.jpg,349,720,79,79.0,19606.6796875,496.37164306640625,0.997004508972168,1.0,0.9998977780342102,7.688416957855225,184.932861328125,62.325233459472656,0.9982800483703613,0.0016662187408655882,0.0,0.0,0.0,0.0,0.0,0.0,0.0,0.0,0.0,0.0,0.0,0.0,0.0,5.3748990467283875e-05,0.0,0.0,0.0,0.0,0.0014512228081002831,0.007148616015911102,0.012577264569699764,0.02262832596898079,0.04396667703986168,0.07465735077857971,0.162214457988739,0.26632624864578247,0.21703843772411346,0.10561677068471909,0.045417897403240204,0.040956731885671616,0.0,0.0024187045637518167,0.28755709528923035,0.3282451033592224,0.2017199695110321,0.10663799941539764,0.0343456044793129,0.01660843938589096,0.010534802451729774,0.006503628101199865,0.0032786885276436806,0.0010749798966571689,0.00037624294054694474,0.00037624294054694474,0.00016124697867780924,0.00016124697867780924,0.14582102000713348,74.18091583251953
C:\Users\Noura\Desktop\ASU UNI TORTURE HELL FIRE\Senior 1\Sem 8\CV\Project\Coin-Counting-System\data\raw\101.jpg,486,482,86,86.0,23235.21875,540.3539428710938,0.9957327842712402,1.0,0.9997842311859131,12.08394718170166,136.077392578125,128.06027221679688,0.42940405011177063,0.570595920085907,0.0,0.0,0.0,0.0,0.0,0.0,0.0,0.0,0.0,0.0,0.0,0.0,0.0,0.0,0.0,0.0,0.0,9.036280971486121e-05,0.0038856007158756256,0.014955044724047184,0.05105498433113098,0.2766457200050354,0.28550130128860474,0.29065197706222534,0.05891655012965202,0.012470067478716373,0.0036145122721791267,0.001852437504567206,0.00036145123885944486,0.0,0.0,0.0,0.0,0.00022590701701119542,0.006912754848599434,0.03343423828482628,0.12695974111557007,0.35340893268585205,0.28599828481674194,0.14607147872447968,0.028102833777666092,0.010979080572724342,0.004653684329241514,0.0024849772453308105,0.0005421768291853368,0.00022590701701119542,0.13942980766296387,59.63290023803711
C:\Users\Noura\Desktop\ASU UNI TORTURE HELL FIRE\Senior 1\Sem 8\CV\Project\Coin-Counting-System\data\raw\102.jpg,284,557,61,61.0,11689.8662109375,383.2742919921875,0.9884719252586365,1.0,0.9964035153388977,9.445981979370117,131.99166870117188,76.34280395507812,0.9525336623191833,0.04746632277965546,0.0,0.0,0.0,0.0,0.0,0.0,0.0,0.0,0.0,0.0,0.0,0.0,0.0,0.0,0.0,9.163383219856769e-05,0.0010996059281751513,0.002932282630354166,0.002474113367497921,0.0021992118563503027,0.02318335883319378,0.2625309228897095,0.5810500979423523,0.11316778510808945,0.010079720988869667,0.0010079721687361598,0.00018326766439713538,0.0,0.0,0.0,0.0,0.0,0.001649408950470388,0.03106386959552765,0.6433611512184143,0.3087143898010254,0.012645469047129154,0.0019243104616180062,0.000641436839941889,0.0,0.0,0.0,0.0,0.0,0.0,0.0,0.010996059514582157,34.37636184692383
C:\Users\Noura\Desktop\ASU UNI TORTURE HELL FIRE\Senior 1\Sem 8\CV\Project\Coin-Counting-System\data\raw\102.jpg,464,605,70,70.0,15393.8037109375,439.8229675292969,0.9938111305236816,1.0,0.9980453252792358,7.860668659210205,142.17111206054688,133.46990966796875,0.9924853444099426,0.006963116116821766,0.0,0.0,0.0,0.0,0.0,0.0,0.0,0.0,0.0,0.0,0.0,0.0,0.0,0.0005515339435078204,6.894174293847755e-05,0.0022061357740312815,0.006894174497574568,0.005170630756765604,0.0037228541914373636,0.006066873669624329,0.03440193086862564,0.15642881393432617,0.3118235170841217,0.28052395582199097,0.13333334028720856,0.04046880453824997,0.01185797993093729,0.004274388309568167,0.0013098930940032005,0.0014477766817435622,0.0,0.0,0.0,6.894174293847755e-05,0.006756290793418884,0.08962427079677582,0.17924854159355164,0.21454671025276184,0.16091002523899078,0.12340572476387024,0.11134091764688492,0.07294036448001862,0.03143743425607681,0.007928300648927689,0.001585660153068602,0.00020682523609139025,0.17407789826393127,72.01457214355469
C:\Users\Noura\Desktop\ASU UNI TORTURE HELL FIRE\Senior 1\Sem 8\CV\Project\Coin-Counting-System\data\raw\102.jpg,410,473,70,70.0,15393.8037109375,439.8229675292969,0.9938111305236816,1.0,0.9980453252792358,19.14760398864746,143.9771728515625,130.21365356445312,0.0,0.9902102947235107,0.009789727628231049,0.0,0.0,0.0,0.0,0.0,0.0,0.0,0.0,0.0,0.0,0.0,0.0,0.0,0.0,0.0,0.0,0.0,0.0009651844156906009,0.010134436190128326,0.047362979501485825,0.1527749001979828,0.36773526668548584,0.22964495420455933,0.0918993428349495,0.04825922101736069,0.025508444756269455,0.01316787302494049,0.006687349174171686,0.005860048346221447,0.0,0.0,0.0,0.0008962426800280809,0.014477766118943691,0.056187521666288376,0.1634608805179596,0.25880730152130127,0.22095829248428345,0.15484315156936646,0.07845570147037506,0.03750430792570114,0.01185797993093729,0.0019303688313812017,0.00048259220784530044,0.0001378834858769551,0.25411927700042725,87.69605255126953
C:\Users\Noura\Desktop\ASU UNI TORTURE HELL FIRE\Senior 1\Sem 8\CV\Project\Coin-Counting-System\data\raw\103.jpg,191,583,71,71.0,15836.7685546875,446.1061706542969,0.9964891672134399,1.0,1.0,21.786407470703125,103.2467041015625,243.96475219726562,0.00046825874596834183,0.7294802069664001,0.2699846029281616,6.689410656690598e-05,0.0,0.0,0.0,0.0,0.0,0.0,0.0,0.0,0.0,0.0,0.0,0.0,0.0,0.0018061408773064613,0.0018730349838733673,0.005284634418785572,0.033982206135988235,0.16509465873241425,0.5672620534896851,0.20436149835586548,0.01779383234679699,0.002274399623274803,0.0002675764262676239,0.0,0.0,0.0,0.0,0.0,0.0,0.0,0.0,0.0,0.0,0.0,0.0,0.0,0.0,0.0,0.00040136463940143585,0.0013378821313381195,0.007559034042060375,0.047762393951416016,0.22723928093910217,0.7157000303268433,0.14435748755931854,54.9973258972168
C:\Users\Noura\Desktop\ASU UNI TORTURE HELL FIRE\Senior 1\Sem 8\CV\Project\Coin-Counting-System\data\raw\103.jpg,536,446,76,76.0,18145.83984375,477.5220947265625,0.9974105954170227,1.0,0.999778687953949,18.150585174560547,81.9189224243164,249.14035034179688,0.014249985106289387,0.9507357478141785,0.03501424938440323,0.0,0.0,0.0,0.0,0.0,0.0,0.0,0.0,0.0,0.0,0.0,0.0,0.0,0.0,0.0008142848964780569,0.0383877158164978,0.1454661786556244,0.2719711363315582,0.29192113876342773,0.1850171536207199,0.05601116642355919,0.009945908561348915,0.00046530563849955797,0.0,0.0,0.0,0.0,0.0,0.0,0.0,0.0,0.0,0.0,0.0,0.0,0.0,0.0,0.0,0.0,0.0,5.8163204812444746e-05,0.0012795905349776149,0.017099982127547264,0.10044785588979721,0.8811144232749939,0.11591926962137222,47.24832534790039
C:\Users\Noura\Desktop\ASU UNI TORTURE HELL FIRE\Senior 1\Sem 8\CV\Project\Coin-Counting-System\data\raw\103.jpg,392,662,77,77.0,18626.501953125,483.8052673339844,0.994037926197052,1.0,0.9988706707954407,17.3622989654541,123.1795654296875,212.05667114257812,0.0002264364593429491,0.9760543704032898,0.023719219490885735,0.0,0.0,0.0,0.0,0.0,0.0,0.0,0.0,0.0,0.0,0.0,0.0,0.0,0.0,0.0,5.660911483573727e-05,0.004075856413692236,0.019303707405924797,0.05830738693475723,0.17135578393936157,0.32991790771484375,0.26962921023368835,0.12318143248558044,0.022190771996974945,0.001754882512614131,0.00011321822967147455,5.660911483573727e-05,5.660911483573727e-05,0.0,0.0,0.0,0.0,0.0,0.0,0.0,0.0,5.660911483573727e-05,0.000169827340869233,0.002037928206846118,0.02360600046813488,0.1346730887889862,0.305632621049881,0.27228984236717224,0.12153977155685425,0.13999433815479279,0.22270025312900543,84.27113342285156
C:\Users\Noura\Desktop\ASU UNI TORTURE HELL FIRE\Senior 1\Sem 8\CV\Project\Coin-Counting-System\data\raw\104.jpg,367,502,89,89.0,24884.5546875,559.2034912109375,0.9952206015586853,1.0,0.9987525939941406,33.371070861816406,97.25680541992188,99.39215087890625,0.7232529520988464,0.11258361488580704,0.002608439652249217,0.0020194370299577713,0.0011780050117522478,0.0005048592574894428,0.0007572888862341642,0.0020194370299577713,0.0019773654639720917,0.0019773654639720917,0.0027767259161919355,0.0031553704757243395,0.003996802493929863,0.004922377876937389,0.00971854105591774,0.12655138969421387,0.02149859070777893,0.035213932394981384,0.05793260037899017,0.10799781233072281,0.13984601199626923,0.07248937338590622,0.10320165008306503,0.21549075841903687,0.17089486122131348,0.049097564071416855,0.017585931345820427,0.005974167957901955,0.0020194370299577713,0.00029450125293806195,0.0002524296287447214,0.00021035803365521133,0.0,0.0001262148143723607,0.004501661751419306,0.05616559460759163,0.15423451364040375,0.2419538050889969,0.2691320478916168,0.1668139100074768,0.05208464711904526,0.027514830231666565,0.015103706158697605,0.006815600208938122,0.00311329890973866,0.0015145777724683285,0.0006310740718618035,0.00029450125293806195,0.15709537267684937,84.63426208496094
C:\Users\Noura\Desktop\ASU UNI TORTURE HELL FIRE\Senior 1\Sem 8\CV\Project\Coin-Counting-System\data\raw\105.jpg,386,593,73,73.0,16741.546875,458.6725158691406,0.995776891708374,1.0,1.0,7.871434688568115,134.70834350585938,80.3240966796875,0.9891228675842285,0.009675583802163601,0.00025295643717981875,0.0,0.0,0.0,0.0,0.0,6.323910929495469e-05,0.0,0.0,0.0,0.0003794346412178129,0.0,0.0,0.0005059128743596375,0.0019604123663157225,0.0030987162608653307,0.0036046290770173073,0.002908998867496848,0.0032884336542338133,0.011446278542280197,0.05893884599208832,0.23834820091724396,0.4082716703414917,0.18269777297973633,0.04856763407588005,0.01789666712284088,0.00897995289415121,0.003920824732631445,0.002782520605251193,0.0032884336542338133,0.0,0.00025295643717981875,0.009738822467625141,0.19768545031547546,0.34440016746520996,0.2611142694950104,0.10497691482305527,0.04831467941403389,0.021754253655672073,0.007778410334140062,0.0030987162608653307,0.0007588692824356258,0.00012647821858990937,0.0,0.0,0.0,0.06949977576732635,50.82752227783203
C:\Users\Noura\Desktop\ASU UNI TORTURE HELL FIRE\Senior 1\Sem 8\CV\Project\Coin-Counting-System\data\raw\106.jpg,457,515,88,88.0,24328.494140625,552.9202880859375,0.9968299269676208,1.0,0.9999589323997498,9.068182945251465,116.93052673339844,151.208984375,0.9093767404556274,0.09062325209379196,0.0,0.0,0.0,0.0,0.0,0.0,0.0,0.0,0.0,0.0,0.0,0.0,0.0,0.0,0.0,0.0,0.00017228754586540163,0.0017228755168616772,0.06404789537191391,0.17198604345321655,0.22272472083568573,0.2125166952610016,0.15583409368991852,0.10259723663330078,0.04186587408185005,0.01593659818172455,0.006891502067446709,0.002498169429600239,0.0008614377584308386,0.00034457509173080325,0.0,0.0,0.0,0.011457121931016445,0.09432743489742279,0.10970409959554672,0.08442089706659317,0.07774475961923599,0.07037946581840515,0.0736098513007164,0.08704828470945358,0.0997975617647171,0.11000560224056244,0.10268338024616241,0.06133436784148216,0.017487186938524246,0.23237283527851105,114.66260528564453
C:\Users\Noura\Desktop\ASU UNI TORTURE HELL FIRE\Senior 1\Sem 8\CV\Project\Coin-Counting-System\data\raw\106.jpg,300,379,97,97.0,29559.24609375,609.468994140625,0.9945671558380127,1.0,0.9985122084617615,50.557769775390625,53.870243072509766,111.52513885498047,0.2346445620059967,0.4019050896167755,0.012488975189626217,0.0020814959425479174,0.0010583876864984632,0.0005291938432492316,0.005821132566779852,0.0020814959425479174,0.025471864268183708,0.08809313923120499,0.10114658623933792,0.047662727534770966,0.025366025045514107,0.005221379455178976,0.012277297675609589,0.03415064513683319,0.263256311416626,0.24282942712306976,0.04836831986904144,0.016228612512350082,0.04568706825375557,0.11998588591814041,0.14327041804790497,0.09730111062526703,0.021696947515010834,0.0013759040739387274,0.0,0.0,0.0,0.0,0.0,0.0,0.0,0.0,3.5279590520076454e-05,0.023143410682678223,0.1498676985502243,0.13529722392559052,0.19566060602664948,0.19156818091869354,0.15710002183914185,0.10104075074195862,0.03333921357989311,0.009525489062070847,0.0027518081478774548,0.0003880755102727562,0.00021167754312045872,7.055918104015291e-05,0.14895042777061462,61.50849914550781
C:\Users\Noura\Desktop\ASU UNI TORTURE HELL FIRE\Senior 1\Sem 8\CV\Project\Coin-Counting-System\data\raw\106.jpg,256,617,110,110.0,38013.26953125,691.150390625,0.9978111386299133,1.0,0.999973714351654,39.46266174316406,67.1349868774414,69.54006958007812,0.3000955581665039,0.48567917943000793,0.011822525411844254,0.003303754376247525,0.0015836177626624703,0.0012832764768972993,0.002348122885450721,0.0043959044851362705,0.001010238891467452,0.003959044348448515,0.009747439995408058,0.01741979457437992,0.038252558559179306,0.008901024237275124,0.016054607927799225,0.094143345952034,0.0701979547739029,0.1357269585132599,0.1349351555109024,0.09903071820735931,0.11161774396896362,0.2181296944618225,0.15721501410007477,0.05463481321930885,0.014525596983730793,0.0029761092737317085,0.0006006825715303421,0.00024573379778303206,8.191126107703894e-05,2.7303754905005917e-05,2.7303754905005917e-05,2.7303754905005917e-05,0.0,0.0006279863300733268,0.07036177814006805,0.32133787870407104,0.40049147605895996,0.13286006450653076,0.04032764583826065,0.017037542536854744,0.007372013758867979,0.005269624758511782,0.0027849830221384764,0.0012286689598113298,0.0002730375563260168,2.7303754905005917e-05,0.0,0.0,0.12748122215270996,71.2545394897461
C:\Users\Noura\Desktop\ASU UNI TORTURE HELL FIRE\Senior 1\Sem 8\CV\Project\Coin-Counting-System\data\raw\107.jpg,418,542,72,72.0,16286.0166015625,452.38934326171875,0.9926350116729736,1.0,0.9980324506759644,8.256878852844238,139.67176818847656,77.32231903076172,0.9909581542015076,0.008651532232761383,0.0,0.0,0.0,0.0,0.0,0.0,0.0,0.0,0.0,0.0,0.0,0.0,0.0,0.00039029467734508216,0.0,0.0,0.0,0.0,0.000585442001465708,0.00286216102540493,0.01717296615242958,0.11364080011844635,0.5043257474899292,0.3216678500175476,0.03551681339740753,0.00351265212520957,0.0006504910998046398,6.504911289084703e-05,0.0,0.0,0.0,0.0,0.0,0.027580823749303818,0.6180316209793091,0.3329213559627533,0.018408898264169693,0.0019514734158292413,0.0006504910998046398,0.0002601964515633881,0.00013009822578169405,6.504911289084703e-05,0.0,0.0,0.0,0.0,0.030573083087801933,27.0113525390625
C:\Users\Noura\Desktop\ASU UNI TORTURE HELL FIRE\Senior 1\Sem 8\CV\Project\Coin-Counting-System\data\raw\108.jpg,358,472,71,71.0,15836.7685546875,446.1061706542969,0.9964891672134399,1.0,1.0,13.369121551513672,138.7100067138672,108.76921844482422,0.24095256626605988,0.7499498128890991,0.00862933974713087,0.00046825874596834183,0.0,0.0,0.0,0.0,0.0,0.0,0.0,0.0,0.0,0.0,0.0,0.0,0.0,0.0,0.0,0.0,0.0011371998116374016,0.01852966845035553,0.08876848220825195,0.2229580581188202,0.289651483297348,0.20576627552509308,0.10642852634191513,0.04093919321894646,0.01712489128112793,0.005552210845053196,0.0019399290904402733,0.0012040939182043076,0.0,0.0,6.689410656690598e-05,0.002341293729841709,0.03953441604971886,0.26530203223228455,0.29379892349243164,0.2010836899280548,0.1286373734474182,0.05558900162577629,0.012241621501743793,0.0012709880247712135,0.00013378821313381195,0.0,0.0,0.0,0.21365977823734283,59.980369567871094
C:\Users\Noura\Desktop\ASU UNI TORTURE HELL FIRE\Senior 1\Sem 8\CV\Project\Coin-Counting-System\data\raw\109.jpg,485,538,80,80.0,20106.193359375,502.6548156738281,0.9952563047409058,1.0,0.9988560676574707,8.449578285217285,137.4646453857422,80.4945297241211,0.9909466505050659,0.009053325280547142,0.0,0.0,0.0,0.0,0.0,0.0,0.0,0.0,0.0,0.0,0.0,0.0,0.0,0.0,0.0,0.0,0.0,0.0,0.0003663195238914341,0.0017792662838473916,0.019571930170059204,0.1414516717195511,0.5696792006492615,0.23502014577388763,0.030247528105974197,0.0013606153661385179,0.0005233136471360922,0.0,0.0,0.0,0.0,0.0,0.0,0.016222722828388214,0.42691925168037415,0.5190747976303101,0.03495734930038452,0.002354911295697093,0.0004186508886050433,5.233136107563041e-05,0.0,0.0,0.0,0.0,0.0,0.0,0.03359673544764519,23.773212432861328
C:\Users\Noura\Desktop\ASU UNI TORTURE HELL FIRE\Senior 1\Sem 8\CV\Project\Coin-Counting-System\data\raw\109.jpg,338,322,89,89.0,24884.5546875,559.2034912109375,0.9952206015586853,1.0,0.9987525939941406,18.509445190429688,142.8686065673828,117.96916198730469,8.414321200689301e-05,0.9994951486587524,0.00042071606731042266,0.0,0.0,0.0,0.0,0.0,0.0,0.0,0.0,0.0,0.0,0.0,0.0,0.0,0.0,0.0,0.0,0.0,0.00016828642401378602,0.0016828642692416906,0.016828643158078194,0.0896545946598053,0.4030880630016327,0.40641170740127563,0.060877613723278046,0.015734780579805374,0.0033657285384833813,0.0014304346404969692,0.0006310740718618035,0.0001262148143723607,0.0,0.0,0.0,0.00016828642401378602,0.005890024825930595,0.0538516566157341,0.24144893884658813,0.43556734919548035,0.24645546078681946,0.013757415115833282,0.0022718666587024927,0.0003786444431170821,8.414321200689301e-05,0.0001262148143723607,0.0,0.0,0.12486852705478668,42.252159118652344
C:\Users\Noura\Desktop\ASU UNI TORTURE HELL FIRE\Senior 1\Sem 8\CV\Project\Coin-Counting-System\data\raw\110.jpg,233,542,71,71.0,15836.7685546875,446.1061706542969,0.9964891672134399,1.0,1.0,7.64245080947876,138.76373291015625,101.91089630126953,0.9993979334831238,0.0006020469591021538,0.0,0.0,0.0,0.0,0.0,0.0,0.0,0.0,0.0,0.0,0.0,0.0,0.0,0.0,0.0,0.0,0.0008696233853697777,0.005886681377887726,0.008896916173398495,0.00929828081279993,0.03077128902077675,0.11773362755775452,0.40765267610549927,0.3624322712421417,0.04729413241147995,0.007358351722359657,0.0015385644510388374,0.0002675764262676239,0.0,0.0,0.0,0.0,0.0,0.0008027292788028717,0.03284500539302826,0.3403572142124176,0.4107298254966736,0.16649943590164185,0.02675764262676239,0.011840256862342358,0.0068900929763913155,0.002809552475810051,0.00046825874596834183,0.0,0.0,0.0,0.10783330351114273,55.21844482421875
C:\Users\Noura\Desktop\ASU UNI TORTURE HELL FIRE\Senior 1\Sem 8\CV\Project\Coin-Counting-System\data\raw\110.jpg,442,552,80,80.0,20106.193359375,502.6548156738281,0.9952563047409058,1.0,0.9988560676574707,9.735360145568848,140.97467041015625,130.03192138671875,0.9762939214706421,0.02370610646903515,0.0,0.0,0.0,0.0,0.0,0.0,0.0,0.0,0.0,0.0,0.0,0.0,0.0,0.0,0.0,0.0,0.0,0.0,0.0008896331419236958,0.004029514733701944,0.008687006309628487,0.05892511457204819,0.5513108968734741,0.3405201733112335,0.029462557286024094,0.005285467486828566,0.0007326390477828681,0.00015699407958891243,0.0,0.0,0.0,0.0,0.0,0.0,0.00873933732509613,0.02402009442448616,0.06682714819908142,0.28211838006973267,0.4536605775356293,0.1363755315542221,0.025328379124403,0.0027212307322770357,0.00020932544430252165,0.0,0.0,0.0,0.08388717472553253,30.97064781188965
C:\Users\Noura\Desktop\ASU UNI TORTURE HELL FIRE\Senior 1\Sem 8\CV\Project\Coin-Counting-System\data\raw\111.jpg,413,744,80,80.0,20106.193359375,502.6548156738281,0.9954766035079956,1.0,0.999029815196991,8.457324028015137,144.88633728027344,79.13690185546875,0.9926213026046753,0.007378722075372934,0.0,0.0,0.0,0.0,0.0,0.0,0.0,0.0,0.0,0.0,0.0,0.0,0.0,0.0,0.0,0.0,0.0005756450118497014,0.0027212307322770357,0.003820189507678151,0.004866816569119692,0.010937254875898361,0.043435029685497284,0.32387879490852356,0.5298027396202087,0.07399654388427734,0.00575644988566637,0.00020932544430252165,0.0,0.0,0.0,0.0,0.0,0.0,0.03830655664205551,0.5468627214431763,0.346381276845932,0.05725051090121269,0.008791669271886349,0.0016746035544201732,0.0002616568235680461,0.00010466272215126082,0.00020932544430252165,0.00015699407958891243,0.0,0.0,0.0,0.04626092314720154,29.341432571411133
C:\Users\Noura\Desktop\ASU UNI TORTURE HELL FIRE\Senior 1\Sem 8\CV\Project\Coin-Counting-System\data\raw\111.jpg,497,401,86,86.0,23235.21875,540.3539428710938,0.9957327842712402,1.0,0.9997842311859131,12.993223190307617,113.45054626464844,125.21998596191406,0.20345185697078705,0.7947408556938171,0.0,0.0,0.0,0.0,0.0,0.0,0.0,0.0,0.0,0.0,0.0,0.0,0.0,0.0018072561360895634,0.0,0.012334522791206837,0.013057425618171692,0.018931008875370026,0.038901187479496,0.049247730523347855,0.1786472648382187,0.48705554008483887,0.18239732086658478,0.016446031630039215,0.002349433023482561,0.0005421768291853368,9.036280971486121e-05,0.0,0.0,0.0,0.0,0.0,0.0,0.0001355442072963342,0.008810373954474926,0.018343649804592133,0.0720643401145935,0.4767089784145355,0.3634392023086548,0.05498576909303665,0.004924772772938013,0.0005421768291853368,4.518140485743061e-05,0.0,0.0,0.0,0.08363077789545059,34.05783462524414
C:\Users\Noura\Desktop\ASU UNI TORTURE HELL FIRE\Senior 1\Sem 8\CV\Project\Coin-Counting-System\data\raw\111.jpg,221,466,94,94.0,27759.11328125,590.6194458007812,0.9979107975959778,1.0,1.0,10.14974594116211,152.20846557617188,120.58057403564453,0.948353111743927,0.04750611633062363,0.0,0.0,0.0,0.0,0.0,0.0,0.0,0.0,0.0,0.0,0.0,0.0,0.0,0.004140786826610565,0.0,0.001844532322138548,0.007152268197387457,0.005910031963139772,0.006286466959863901,0.006135893054306507,0.019612271338701248,0.06836062669754028,0.19823075830936432,0.2691134810447693,0.29068323969841003,0.09606625139713287,0.018407680094242096,0.007152268197387457,0.0030491247307509184,0.001995106227695942,0.0,0.0,0.0,0.00018821758567355573,0.03655185550451279,0.09399586170911789,0.23914925754070282,0.2827780842781067,0.17387540638446808,0.10946734249591827,0.04709203913807869,0.01366459671407938,0.0024844720028340816,0.0005270092515274882,0.00015057406562846154,7.528703281423077e-05,0.1957462877035141,58.742462158203125
C:\Users\Noura\Desktop\ASU UNI TORTURE HELL FIRE\Senior 1\Sem 8\CV\Project\Coin-Counting-System\data\raw\112.jpg,386,732,70,70.0,15393.8037109375,439.8229675292969,0.9938111305236816,1.0,0.9980453252792358,8.970148086547852,144.8854217529297,89.12533569335938,0.9858669638633728,0.013926232233643532,0.0,0.0,0.0,0.0,0.0,0.0,0.0,0.0,0.0,0.0,0.0,0.0,0.0,0.00020682523609139025,0.0,0.0,0.0006204756791703403,0.0020682523027062416,0.004412271548062563,0.007307824678719044,0.01661496050655842,0.044122714549303055,0.30258530378341675,0.5344364047050476,0.07811099290847778,0.009169251658022404,0.0005515339435078204,0.0,0.0,0.0,0.0,0.0,0.0,0.0032402619253844023,0.2315063774585724,0.48355740308761597,0.2336435765028,0.035436056554317474,0.010272319428622723,0.0017924853600561619,0.0004136504721827805,6.894174293847755e-05,6.894174293847755e-05,0.0,0.0,0.0,0.06287486851215363,38.066139221191406
C:\Users\Noura\Desktop\ASU UNI TORTURE HELL FIRE\Senior 1\Sem 8\CV\Project\Coin-Counting-System\data\raw\112.jpg,497,449,73,73.0,16741.546875,458.6725158691406,0.995776891708374,1.0,1.0,20.665084838867188,125.90444946289062,152.9418182373047,0.004489976447075605,0.9850755929946899,0.010434452444314957,0.0,0.0,0.0,0.0,0.0,0.0,0.0,0.0,0.0,0.0,0.0,0.0,0.0,0.0,0.0,0.00202365149743855,0.011952191591262817,0.012268386781215668,0.011699235066771507,0.02959590218961239,0.48087015748023987,0.38202744722366333,0.055334217846393585,0.011699235066771507,0.0019604123663157225,0.0003794346412178129,0.00018971732060890645,0.0,0.0,0.0,0.0,0.0,0.0,0.0,0.0005059128743596375,0.0063239107839763165,0.038702335208654404,0.15980522334575653,0.4591159224510193,0.32087522745132446,0.013153734616935253,0.0013912603026255965,0.00012647821858990937,0.0,0.0,0.16366280615329742,41.18350601196289
C:\Users\Noura\Desktop\ASU UNI TORTURE HELL FIRE\Senior 1\Sem 8\CV\Project\Coin-Counting-System\data\raw\112.jpg,206,494,89,89.0,24884.5546875,559.2034912109375,0.9952206015586853,1.0,0.9987525939941406,11.294248580932617,143.60760498046875,113.65193939208984,0.9692877531051636,0.016618283465504646,0.0,0.0,0.0,0.0,0.0,0.0,0.0,0.0,0.0,0.0,0.0,0.0,0.0002524296287447214,0.013841558247804642,0.0001262148143723607,0.007741175591945648,0.013504985719919205,0.01186419278383255,0.012663553468883038,0.019058438017964363,0.04312339425086975,0.10652530938386917,0.20211198925971985,0.2674071192741394,0.23496991395950317,0.06512684375047684,0.010980688966810703,0.0032395136076956987,0.000967646948993206,0.0005890025058761239,0.0,0.0,0.0,0.0023560100235044956,0.07837940007448196,0.1615549623966217,0.23694728314876556,0.23724178969860077,0.1660986989736557,0.08616264909505844,0.024443602189421654,0.005595523398369551,0.0008835037006065249,0.00029450125293806195,4.2071606003446504e-05,0.0,0.19739997386932373,58.67432403564453
C:\Users\Noura\Desktop\ASU UNI TORTURE HELL FIRE\Senior 1\Sem 8\CV\Project\Coin-Counting-System\data\raw\113.jpg,336,502,83,83.0,21642.431640625,521.50439453125,0.9935168623924255,1.0,0.9987030029296875,42.737579345703125,82.38945007324219,94.81051635742188,0.5039576292037964,0.26402175426483154,0.006312824785709381,0.002913611475378275,0.0017481668619439006,0.001505365944467485,0.003496333723887801,0.002913611475378275,0.00543874129652977,0.005924343131482601,0.006361384876072407,0.013791093602776527,0.013499733060598373,0.0116544459015131,0.020832322537899017,0.1356286108493805,0.05137668177485466,0.09241004288196564,0.11586461216211319,0.08794250339269638,0.08070703595876694,0.11639877408742905,0.18535424768924713,0.14767153561115265,0.08041567355394363,0.027824988588690758,0.007721070200204849,0.004467537626624107,0.0010197639930993319,4.856018858845346e-05,0.00038848150870762765,0.00038848150870762765,0.0,0.0002428009465802461,0.007963871583342552,0.09032195061445236,0.15330451726913452,0.2819404602050781,0.26212790608406067,0.11940950900316238,0.04666634276509285,0.02418297529220581,0.010440440848469734,0.0024280094075948,0.0006798426620662212,9.712037717690691e-05,0.00019424075435381383,0.0,0.15937454998493195,78.74544525146484
C:\Users\Noura\Desktop\ASU UNI TORTURE HELL FIRE\Senior 1\Sem 8\CV\Project\Coin-Counting-System\data\raw\114.jpg,415,506,65,65.0,13273.228515625,408.40704345703125,0.9855778217315674,1.0,0.9954914450645447,10.208142280578613,173.34996032714844,116.04850006103516,0.786798357963562,0.213201642036438,0.0,0.0,0.0,0.0,0.0,0.0,0.0,0.0,0.0,0.0,0.0,0.0,0.0,0.0,0.0,0.0,0.0,0.0,0.0,0.0001606038713362068,0.005621135700494051,0.013651329092681408,0.041034288704395294,0.14671163260936737,0.3240986168384552,0.3328515291213989,0.10190315544605255,0.021842125803232193,0.00827109906822443,0.003854492912068963,0.0,0.0,0.0,0.0006424154853448272,0.011483176611363888,0.09178511053323746,0.33341363072395325,0.3018549680709839,0.20926684141159058,0.034851040691137314,0.008993816561996937,0.0048181163147091866,0.002248454140499234,0.0005621135351248085,8.03019356681034e-05,0.0,0.11394844949245453,59.481422424316406
C:\Users\Noura\Desktop\ASU UNI TORTURE HELL FIRE\Senior 1\Sem 8\CV\Project\Coin-Counting-System\data\raw\115.jpg,312,595,56,56.0,9852.0341796875,351.8583679199219,0.9910931587219238,1.0,0.9973582625389099,17.091306686401367,121.16752624511719,74.48343658447266,0.030180426314473152,0.9595407247543335,0.01027884054929018,0.0,0.0,0.0,0.0,0.0,0.0,0.0,0.0,0.0,0.0,0.0,0.0,0.0,0.0,0.0,0.000546746829058975,0.009404045529663563,0.043849099427461624,0.13351558148860931,0.26703116297721863,0.21180973947048187,0.13439038395881653,0.08321487158536911,0.0452706404030323,0.02963368035852909,0.014324767515063286,0.010934936814010143,0.006123564671725035,0.009950792416930199,0.0,0.0012028430355712771,0.03860032930970192,0.312192440032959,0.38337889313697815,0.1303444504737854,0.05751777067780495,0.0352104976773262,0.017714597284793854,0.008310551755130291,0.005467468407005072,0.0038272279780358076,0.0025150354485958815,0.00295243295840919,0.0007654455839656293,0.0,0.22919628024101257,95.89111328125
C:\Users\Noura\Desktop\ASU UNI TORTURE HELL FIRE\Senior 1\Sem 8\CV\Project\Coin-Counting-System\data\raw\115.jpg,544,334,61,61.0,11689.8662109375,383.2742919921875,0.9884719252586365,1.0,0.9964035153388977,22.859159469604492,61.133052825927734,159.13314819335938,0.001282873679883778,0.70017409324646,0.2558416426181793,0.01924310438334942,0.0034820856526494026,0.002290845848619938,0.000824704475235194,0.00485659297555685,0.010262989439070225,0.0017410428263247013,0.0,0.0,0.0,0.0,0.0,0.0,0.03289654478430748,0.2827819883823395,0.1694309562444687,0.05424722656607628,0.06771740317344666,0.15211215615272522,0.1672317385673523,0.05268945172429085,0.01539448369294405,0.004398423712700605,0.0009163382928818464,9.163383219856769e-05,9.163383219856769e-05,0.0,0.0,0.0,0.0,0.0,0.0,0.00036653532879427075,0.0020159443374723196,0.013378539122641087,0.048565931618213654,0.09044259041547775,0.15174561738967896,0.21662238240242004,0.1858334094285965,0.1278291940689087,0.09667368978261948,0.04600018262863159,0.016677357256412506,0.0038486209232360125,0.23907266557216644,78.8252182006836
C:\Users\Noura\Desktop\ASU UNI TORTURE HELL FIRE\Senior 1\Sem 8\CV\Project\Coin-Counting-System\data\raw\115.jpg,185,581,64,64.0,12867.9638671875,402.1238708496094,0.9884970784187317,1.0,0.9962621927261353,20.11126708984375,132.6786346435547,149.51629638671875,0.01127601321786642,0.6661139130592346,0.32219550013542175,0.00024873559596017003,0.0,0.0,0.0,0.0,0.0,0.0,0.0,0.0,8.291186532005668e-05,0.0,0.0,8.291186532005668e-05,0.0010778541909530759,0.003150650765746832,0.0034822982270270586,0.006135478150099516,0.016582373529672623,0.059281982481479645,0.14733438193798065,0.23878617584705353,0.2585192024707794,0.11168228089809418,0.058204129338264465,0.033910952508449554,0.020313406363129616,0.01251969113945961,0.006715861149132252,0.022303292527794838,0.0,8.291186532005668e-05,0.0032335626892745495,0.013846280984580517,0.0263659730553627,0.060276925563812256,0.13216151297092438,0.14227676391601562,0.10156703740358353,0.09385623037815094,0.09568028897047043,0.1226266473531723,0.10057209432125092,0.06160351634025574,0.02951662428677082,0.01633363775908947,0.2629135251045227,139.9958953857422
C:\Users\Noura\Desktop\ASU UNI TORTURE HELL FIRE\Senior 1\Sem 8\CV\Project\Coin-Counting-System\data\raw\115.jpg,238,710,68,68.0,14526.724609375,427.256591796875,0.9964323043823242,1.0,0.9995504021644592,22.03766632080078,69.46712493896484,80.68485260009766,0.30893000960350037,0.6171286702156067,0.007898778654634953,0.001755284145474434,0.0004388210363686085,0.0,0.0008045052527450025,0.00014627368364017457,7.313684182008728e-05,0.00029254736728034914,0.0024135157000273466,0.005412125959992409,0.005997220985591412,0.0013895999873057008,0.005924083758145571,0.04139545187354088,0.04914795607328415,0.1483946442604065,0.12477144598960876,0.09544357657432556,0.08096247911453247,0.19169165194034576,0.2619761526584625,0.042126819491386414,0.004534483887255192,0.0007313683745451272,7.313684182008728e-05,0.00014627368364017457,0.0,0.0,0.0,0.0,0.0,0.00014627368364017457,0.007167410105466843,0.12301616370677948,0.3512762486934662,0.4097857177257538,0.06596942991018295,0.017918525263667107,0.010312294587492943,0.005997220985591412,0.0027060629799962044,0.001974694663658738,0.0024135157000273466,0.00124332623090595,7.313684182008728e-05,0.0,0.10604842007160187,78.18743133544922
C:\Users\Noura\Desktop\ASU UNI TORTURE HELL FIRE\Senior 1\Sem 8\CV\Project\Coin-Counting-System\data\raw\117.jpg,372,643,79,79.0,19606.6796875,496.37164306640625,0.997004508972168,1.0,0.9998977780342102,9.904219627380371,119.95452880859375,88.87513732910156,0.9186240434646606,0.08137597143650055,0.0,0.0,0.0,0.0,0.0,0.0,0.0,0.0,0.0,0.0,0.0,0.0,0.0,0.0,0.0,0.0,0.0,0.0,0.0009137328597716987,0.015802204608917236,0.21741467714309692,0.5306100249290466,0.20085997879505157,0.02574576810002327,0.006181133911013603,0.0018274657195433974,0.000429991923738271,0.00016124697867780924,5.3748990467283875e-05,0.0,0.0,0.0,0.0,0.036925558000802994,0.3190002739429474,0.33636119961738586,0.17538295686244965,0.09642568975687027,0.029346950352191925,0.0051061543636024,0.0010212308261543512,0.0003224939573556185,0.00010749798093456775,0.0,0.0,0.0,0.07304488122463226,36.79667663574219
C:\Users\Noura\Desktop\ASU UNI TORTURE HELL FIRE\Senior 1\Sem 8\CV\Project\Coin-Counting-System\data\raw\118.jpg,250,624,59,59.0,10935.8837890625,370.70794677734375,0.9893957376480103,1.0,0.9965309500694275,8.992639541625977,150.17469787597656,88.48493194580078,0.9806654453277588,0.0013740308349952102,0.00019629011512733996,0.0,0.0,0.0,0.0,0.0,0.0,0.00029443518724292517,0.00029443518724292517,0.0004907252732664347,0.0004907252732664347,0.00029443518724292517,0.0022573363967239857,0.013642163015902042,0.0037295122165232897,0.011679261922836304,0.006870154291391373,0.005201688036322594,0.006183138582855463,0.010697810910642147,0.026891745626926422,0.0463244691491127,0.15369516611099243,0.3732456564903259,0.24192756414413452,0.08126410841941833,0.02208263799548149,0.006084993481636047,0.0030424967408180237,0.001079595647752285,0.0,9.814505756366998e-05,0.00019629011512733996,0.03022867813706398,0.3229953944683075,0.3851211965084076,0.1430954933166504,0.07380508631467819,0.030621258541941643,0.00863676518201828,0.0030424967408180237,0.0013740308349952102,0.0003925802302546799,0.00029443518724292517,0.0,9.814505756366998e-05,0.17302973568439484,65.9999008178711
C:\Users\Noura\Desktop\ASU UNI TORTURE HELL FIRE\Senior 1\Sem 8\CV\Project\Coin-Counting-System\data\raw\118.jpg,250,499,64,64.0,12867.9638671875,402.1238708496094,0.9884970784187317,1.0,0.9962621927261353,10.064920425415039,137.71676635742188,112.83550262451172,0.9134399890899658,0.08506757020950317,0.0,0.0,0.0,0.0,0.0,0.0,0.0,0.0,0.0,0.0,0.0,8.291186532005668e-05,0.0,0.0014095016522333026,0.0,0.0004974711919203401,0.003067739075049758,0.004228505305945873,0.003896857611835003,0.02188873291015625,0.09526573121547699,0.18182571232318878,0.29102063179016113,0.26540088653564453,0.07652764767408371,0.03167233243584633,0.01475831214338541,0.004891800228506327,0.0032335626892745495,0.0018240610370412469,0.0,0.0,0.0,0.007627891376614571,0.0409584604203701,0.2745211720466614,0.30329158902168274,0.14252549409866333,0.08059033006429672,0.05289776995778084,0.03797363489866257,0.028024209663271904,0.019318465143442154,0.008705745451152325,0.0027360916137695312,0.0008291186532005668,0.16889147460460663,80.15274047851562
C:\Users\Noura\Desktop\ASU UNI TORTURE HELL FIRE\Senior 1\Sem 8\CV\Project\Coin-Counting-System\data\raw\118.jpg,270,240,64,64.0,12867.9638671875,402.1238708496094,0.9887264966964722,1.0,0.9963781833648682,15.08846664428711,156.05978393554688,108.7950439453125,0.030843213200569153,0.9599535465240479,0.0026531796902418137,0.0012436779215931892,0.0003316474612802267,0.0005803830572403967,0.0007462067878805101,0.0014095016522333026,0.0004145593266002834,0.0,0.0,0.0,0.00016582373064011335,0.0,0.0003316474612802267,0.0013265898451209068,0.009866511449217796,0.005306359380483627,0.0036481220740824938,0.003896857611835003,0.0032335626892745495,0.008042450994253159,0.017494402825832367,0.025205206125974655,0.06873393803834915,0.3561893701553345,0.3724400997161865,0.08838404715061188,0.024210264906287193,0.006467125378549099,0.0027360916137695312,0.004145593382418156,0.0,0.0,0.004477240610867739,0.008208274841308594,0.019898846745491028,0.11997346580028534,0.3996351957321167,0.3988889753818512,0.025619765743613243,0.009949423372745514,0.008208274841308594,0.003316474612802267,0.0012436779215931892,0.0005803830572403967,0.0,0.0,0.10057209432125092,62.41987228393555
C:\Users\Noura\Desktop\ASU UNI TORTURE HELL FIRE\Senior 1\Sem 8\CV\Project\Coin-Counting-System\data\raw\118.jpg,250,367,71,71.0,15836.7685546875,446.1061706542969,0.9964891672134399,1.0,1.0,6.39039421081543,166.70587158203125,124.10609436035156,0.9995317459106445,6.689410656690598e-05,0.0,0.0,0.0,0.0,0.0,0.0,0.0,0.0,0.0,0.0,0.0,0.0,0.0,0.00040136463940143585,0.0,0.00013378821313381195,0.006421834230422974,0.009231386706233025,0.005083952099084854,0.00481637567281723,0.008294869214296341,0.014582915231585503,0.04568867385387421,0.19740450382232666,0.3532677888870239,0.2576760947704315,0.07438624650239944,0.016656633466482162,0.0044819051399827,0.0018730349838733673,0.0,0.0,0.0016054585576057434,0.003277811221778393,0.007425245828926563,0.02548665553331375,0.16569669544696808,0.456485390663147,0.2260351926088333,0.06368318945169449,0.022342631593346596,0.014181550592184067,0.010101010091602802,0.0034115994349122047,0.00020068231970071793,6.689410656690598e-05,0.14148104190826416,76.77017211914062
C:\Users\Noura\Desktop\ASU UNI TORTURE HELL FIRE\Senior 1\Sem 8\CV\Project\Coin-Counting-System\data\raw\118.jpg,430,320,77,77.0,18626.501953125,483.8052673339844,0.994037926197052,1.0,0.9988706707954407,8.922332763671875,111.42960357666016,93.75782775878906,0.7030285596847534,0.29663175344467163,0.0,0.0,0.0,0.0,0.0,0.0,0.0,0.0,0.0,0.0,0.0,0.0,0.0,0.000339654681738466,0.0,0.0,0.0,0.005717520602047443,0.06634588539600372,0.2897254526615143,0.17124256491661072,0.10517973452806473,0.2664024829864502,0.08746108412742615,0.00634022057056427,0.0005094820517115295,0.0005094820517115295,0.0002264364593429491,0.00011321822967147455,0.0002264364593429491,0.0,0.0,0.000169827340869233,0.0014718369347974658,0.04981601983308792,0.5342202186584473,0.36790263652801514,0.034418340772390366,0.006679875310510397,0.0028304557781666517,0.0015850551426410675,0.0005094820517115295,0.0002264364593429491,0.00011321822967147455,5.660911483573727e-05,0.0,0.03515426069498062,43.75066375732422
C:\Users\Noura\Desktop\ASU UNI TORTURE HELL FIRE\Senior 1\Sem 8\CV\Project\Coin-Counting-System\data\raw\118.jpg,444,479,83,83.0,21642.431640625,521.50439453125,0.9935168623924255,1.0,0.9987030029296875,18.880735397338867,126.93595123291016,114.71320343017578,0.0012140047037974,0.8328072428703308,0.1642305701971054,0.0009226436377502978,0.0003399213310331106,9.712037717690691e-05,0.0,9.712037717690691e-05,0.0,0.0,4.856018858845346e-05,9.712037717690691e-05,4.856018858845346e-05,0.0,9.712037717690691e-05,0.0,0.0032049724832177162,0.004904579371213913,0.004127616062760353,0.004418977536261082,0.004127616062760353,0.047928906977176666,0.14587481319904327,0.2377021312713623,0.3375418782234192,0.16903802752494812,0.03438061475753784,0.005778662860393524,0.0008255232241936028,0.0001456805766792968,0.0,0.0,0.0,0.0,0.0,0.0,0.030787160620093346,0.15840333700180054,0.3506045639514923,0.19982518255710602,0.11537901312112808,0.09435244649648666,0.04457825422286987,0.005730102304369211,0.0003399213310331106,0.0,0.0,0.0,0.17355412244796753,47.24256134033203
C:\Users\Noura\Desktop\ASU UNI TORTURE HELL FIRE\Senior 1\Sem 8\CV\Project\Coin-Counting-System\data\raw\118.jpg,425,643,83,83.0,21642.431640625,521.50439453125,0.9935168623924255,1.0,0.9987030029296875,15.463069915771484,121.53425598144531,75.9250717163086,0.15422716736793518,0.8322731256484985,0.008303792215883732,0.0,0.0,0.0,0.0,0.0,0.0,0.0,0.0,0.0,0.0,0.00019424075435381383,0.001311125117354095,0.003690574551001191,0.0007769630174152553,0.01782158948481083,0.019861117005348206,0.011945806443691254,0.020638080313801765,0.07954159379005432,0.2063322514295578,0.22682465612888336,0.18943330645561218,0.12217743694782257,0.060943037271499634,0.02792210876941681,0.009857718832790852,0.003739134641364217,0.0014568057376891375,0.0007284028688445687,0.0,0.0,0.03787694871425629,0.42009419202804565,0.24090710282325745,0.1272762566804886,0.06443937122821808,0.02884475328028202,0.01709318719804287,0.014859418384730816,0.0348176546394825,0.013062691316008568,0.0006798426620662212,4.856018858845346e-05,0.0,0.0,0.18855921924114227,66.37078857421875
C:\Users\Noura\Desktop\ASU UNI TORTURE HELL FIRE\Senior 1\Sem 8\CV\Project\Coin-Counting-System\data\raw\119.jpg,403,554,49,49.0,7542.9638671875,307.8760681152344,0.9912144541740417,1.0,0.9989432096481323,5.494726181030273,177.3194580078125,97.7506103515625,0.9995665550231934,0.00014448778529185802,0.0,0.0,0.0,0.0,0.0,0.0,0.0,0.0,0.0,0.0,0.0,0.0,0.0,0.00028897557058371603,0.0,0.0,0.0,0.0,0.0,0.0,0.00028897557058371603,0.0018783413106575608,0.010692096315324306,0.08712613582611084,0.30284640192985535,0.48172229528427124,0.10301979631185532,0.009825170040130615,0.0023118045646697283,0.00028897557058371603,0.0,0.0,0.0,0.0,0.04753648489713669,0.391995370388031,0.44979050755500793,0.09637335687875748,0.012570437975227833,0.0010114145698025823,0.0005779511411674321,0.00014448778529185802,0.0,0.0,0.0,0.0,0.03395463153719902,29.189361572265625
C:\Users\Noura\Desktop\ASU UNI TORTURE HELL FIRE\Senior 1\Sem 8\CV\Project\Coin-Counting-System\data\raw\120.jpg,238,442,85,85.0,22698.0078125,534.0707397460938,0.9964677095413208,1.0,0.9996472597122192,9.28087329864502,159.6623077392578,123.33043670654297,0.9919090270996094,0.008090988732874393,0.0,0.0,0.0,0.0,0.0,0.0,0.0,0.0,0.0,0.0,0.0,0.0,0.0,0.0,0.0,0.0,0.0,4.623422137228772e-05,0.0004161079996265471,0.00027740534278564155,0.002820287598297,0.034768134355545044,0.1569189578294754,0.29298627376556396,0.33043599128723145,0.14235517382621765,0.027555596083402634,0.007489943876862526,0.002681584795936942,0.0012483240570873022,0.0,0.0,0.0,0.0,0.0010633871424943209,0.04623422399163246,0.23144851624965668,0.35951730608940125,0.21448056399822235,0.10305608063936234,0.034352026879787445,0.007674880791455507,0.0015257293125614524,0.00036987377097830176,0.00013870267139282078,0.00013870267139282078,0.19640298187732697,55.756595611572266
C:\Users\Noura\Desktop\ASU UNI TORTURE HELL FIRE\Senior 1\Sem 8\CV\Project\Coin-Counting-System\data\raw\120.jpg,490,559,91,91.0,26015.529296875,571.7698364257812,0.99741530418396,1.0,0.9999614357948303,15.22732925415039,88.22672271728516,126.60438537597656,0.06500301510095596,0.9331857562065125,0.0018112296238541603,0.0,0.0,0.0,0.0,0.0,0.0,0.0,0.0,0.0,0.0,0.0,0.0,0.0,0.0,0.0003219963691662997,0.005956932902336121,0.06947071850299835,0.3723888099193573,0.2052324414253235,0.14598511159420013,0.18152545392513275,0.01871603913605213,0.00040249546873383224,0.0,0.0,0.0,0.0,0.0,0.0,0.0,0.0,0.0,0.0,0.0,0.0023344736546278,0.07188569009304047,0.4995773732662201,0.3488830626010895,0.06548601388931274,0.011229624040424824,0.0005634936387650669,4.024954614578746e-05,0.0,0.0,0.0,0.10420607775449753,37.28582000732422
C:\Users\Noura\Desktop\ASU UNI TORTURE HELL FIRE\Senior 1\Sem 8\CV\Project\Coin-Counting-System\data\raw\121.jpg,454,299,68,68.0,14526.724609375,427.256591796875,0.9962254166603088,1.0,0.9994465708732605,12.763694763183594,133.6068115234375,154.68572998046875,0.2785050868988037,0.7160828113555908,0.0,0.0,0.0,0.0,0.0,0.0,0.0,0.0,0.0,0.0,0.00014627368364017457,0.00029254736728034914,0.0013164631091058254,0.0036568420473486185,0.00029254736728034914,0.005265852436423302,0.004534483887255192,0.005485262721776962,0.013457178138196468,0.03437431529164314,0.049879323691129684,0.15417245030403137,0.4167337119579315,0.25415050983428955,0.05134206265211105,0.00826446246355772,0.0016821472672745585,0.0003656841872725636,0.0,0.0,0.0,0.0,0.0,0.0,0.0020478314254432917,0.02450084127485752,0.023988883942365646,0.06640824675559998,0.1402033269405365,0.28559935092926025,0.2996416389942169,0.12316243350505829,0.026841219514608383,0.004534483887255192,0.0019015577854588628,0.0011701894691213965,0.19951729476451874,59.542945861816406
C:\Users\Noura\Desktop\ASU UNI TORTURE HELL FIRE\Senior 1\Sem 8\CV\Project\Coin-Counting-System\data\raw\121.jpg,562,493,82,82.0,21124.068359375,515.22119140625,0.9949256777763367,1.0,0.9996455907821655,10.21731948852539,140.31024169921875,103.28619384765625,0.8788905143737793,0.1211095079779625,0.0,0.0,0.0,0.0,0.0,0.0,0.0,0.0,0.0,0.0,0.0,0.0,0.0,0.0,0.0,0.0,0.00024899159325286746,0.001942134345881641,0.005179024767130613,0.018724167719483376,0.036302972584962845,0.10377969592809677,0.3695034980773926,0.37239181995391846,0.08709725737571716,0.004282655194401741,0.00039838653174228966,0.00014939495304133743,0.0,0.0,0.0,0.0,0.0,0.0022409241646528244,0.021363478153944016,0.1774314045906067,0.6095811724662781,0.1639360636472702,0.023305611684918404,0.001942134345881641,0.00014939495304133743,4.979831646778621e-05,0.0,0.0,0.0,0.0,0.0732533261179924,34.8182373046875
C:\Users\Noura\Desktop\ASU UNI TORTURE HELL FIRE\Senior 1\Sem 8\CV\Project\Coin-Counting-System\data\raw\121.jpg,365,691,97,97.0,29559.24609375,609.468994140625,0.9945671558380127,1.0,0.9985122084617615,8.164579391479492,146.48272705078125,78.97273254394531,0.9701534509658813,0.02984653413295746,0.0,0.0,0.0,0.0,0.0,0.0,0.0,0.0,0.0,0.0,0.0,0.0,0.0,0.0,0.0,0.00021167754312045872,0.0009172693826258183,0.0023284528870135546,0.010936672799289227,0.016898924484848976,0.03376256674528122,0.1086258590221405,0.22222614288330078,0.30104073882102966,0.24826247990131378,0.04808608070015907,0.005856411997228861,0.0005997530533932149,0.00017639795260038227,7.055918104015291e-05,0.0,0.0,0.004727465100586414,0.21502910554409027,0.2816016972064972,0.35685306787490845,0.10015875846147537,0.025330746546387672,0.011042512021958828,0.004198271315544844,0.0008114305674098432,0.00021167754312045872,3.5279590520076454e-05,0.0,0.0,0.0,0.08703474700450897,41.80866622924805
C:\Users\Noura\Desktop\ASU UNI TORTURE HELL FIRE\Senior 1\Sem 8\CV\Project\Coin-Counting-System\data\raw\121.jpg,269,478,98,98.0,30171.85546875,615.7521362304688,0.996973991394043,1.0,0.9998341798782349,14.930421829223633,103.03544616699219,106.91848754882812,0.07317494601011276,0.925683856010437,0.0008645433699712157,0.0002420721430098638,0.0,0.0,0.0,0.0,0.0,0.0,0.0,0.0,0.0,0.0,0.0,3.4581735235406086e-05,0.0,0.0007953798631206155,0.02175191044807434,0.10364145785570145,0.13528373837471008,0.1115952581167221,0.13186015188694,0.2677663564682007,0.19932910799980164,0.025659646838903427,0.0017290867399424314,0.00044956253259442747,6.916347047081217e-05,6.916347047081217e-05,0.0,0.0,0.0,3.4581735235406086e-05,0.000172908665263094,0.01199986133724451,0.15032680332660675,0.1323097199201584,0.210429847240448,0.34931010007858276,0.11546841263771057,0.021821074187755585,0.004876024555414915,0.0014870145823806524,0.0006570529658347368,0.000691634661052376,0.0002766538818832487,0.00013832694094162434,0.10626966506242752,51.036834716796875
C:\Users\Noura\Desktop\ASU UNI TORTURE HELL FIRE\Senior 1\Sem 8\CV\Project\Coin-Counting-System\data\raw\122.jpg,336,356,72,72.0,16286.0166015625,452.38934326171875,0.9926350116729736,1.0,0.9980324506759644,18.98276138305664,142.14102172851562,145.2622833251953,0.648084282875061,0.29798999428749084,0.0,0.0,0.0,0.0,0.0,0.0,0.0,0.0,0.0,0.00039029467734508216,0.004033044911921024,0.006765107624232769,0.015546738170087337,0.02719052881002426,0.004098094068467617,0.06771612912416458,0.02380797453224659,0.01014766190201044,0.011903987266123295,0.02094581350684166,0.024198269471526146,0.03161386772990227,0.08046574890613556,0.26312366127967834,0.3538021147251129,0.09158915281295776,0.014180706813931465,0.002341768005862832,6.504911289084703e-05,0.0,0.0,0.0,0.0,6.504911289084703e-05,0.005008781794458628,0.025629350915551186,0.027775971218943596,0.07935991883277893,0.28673648834228516,0.3796916604042053,0.14362843334674835,0.038444023579359055,0.010277759283781052,0.0027320627123117447,0.00045534377568401396,0.00019514733867254108,0.1691276878118515,58.68754196166992
C:\Users\Noura\Desktop\ASU UNI TORTURE HELL FIRE\Senior 1\Sem 8\CV\Project\Coin-Counting-System\data\raw\122.jpg,192,572,89,89.0,24884.5546875,559.2034912109375,0.9952206015586853,1.0,0.9987525939941406,13.927258491516113,156.3292999267578,96.79061126708984,0.8717236518859863,0.102023646235466,0.0,0.0,0.0,0.0,0.0,0.0,0.0,0.0,0.0,0.0007993605104275048,0.006436955649405718,0.005258950870484114,0.005343094002455473,0.008414321579039097,0.006436955649405718,0.017964575439691544,0.007152173202484846,0.005216879304498434,0.005385165568441153,0.005679666996002197,0.007657032459974289,0.01190626434981823,0.0652109906077385,0.25810930132865906,0.4871892035007477,0.11624384671449661,0.0057638101279735565,8.414321200689301e-05,0.0,0.0,0.0,0.0,0.0,0.0016828642692416906,0.08111405372619629,0.35033026337623596,0.4709074795246124,0.0855315774679184,0.010097185149788857,0.00033657284802757204,0.0,0.0,0.0,0.0,0.0,0.0,0.030880559235811234,25.467517852783203
C:\Users\Noura\Desktop\ASU UNI TORTURE HELL FIRE\Senior 1\Sem 8\CV\Project\Coin-Counting-System\data\raw\122.jpg,430,526,95,95.0,28352.873046875,596.902587890625,0.9974259734153748,1.0,1.0,10.049954414367676,167.03399658203125,136.51527404785156,0.9360103011131287,0.0634370967745781,0.0,0.0,0.0,0.0,0.0,0.0,0.0,0.0,0.0,0.0,0.0,0.0,0.0,0.0005525879678316414,0.0,0.0001841959892772138,0.0015104070771485567,0.0014735679142177105,0.0019524773815646768,0.002947135828435421,0.006410020403563976,0.02202983945608139,0.0656106099486351,0.1784859150648117,0.3459568917751312,0.3237797021865845,0.04475962370634079,0.0044207037426531315,0.0003683919785544276,0.00011051759065594524,0.0,0.0,0.0,3.683919567265548e-05,0.0026155828963965178,0.019377417862415314,0.04969607666134834,0.22011420130729675,0.38511696457862854,0.23403941094875336,0.06071099638938904,0.018235402181744576,0.007441517896950245,0.0025419045705348253,7.367839134531096e-05,0.0,0.1535826176404953,50.375732421875
C:\Users\Noura\Desktop\ASU UNI TORTURE HELL FIRE\Senior 1\Sem 8\CV\Project\Coin-Counting-System\data\raw\123.jpg,379,569,53,53.0,8824.7333984375,333.0088195800781,0.9879258275032043,1.0,0.9957168698310852,5.9114155769348145,170.421875,94.61079406738281,0.9963293671607971,0.0014682491309940815,0.0,0.0,0.0,0.0,0.0,0.0,0.0,0.0,0.0,0.0,0.0,0.0,0.0,0.0022023736964911222,0.0,0.0,0.0004894163575954735,0.0006117704906500876,0.0012235409813001752,0.002691789995878935,0.0034259145613759756,0.01186834741383791,0.03181206434965134,0.13813777267932892,0.4468371570110321,0.2808026373386383,0.06827358156442642,0.011134222149848938,0.0018353114137426019,0.0008564786403439939,0.0,0.0,0.0,0.0018353114137426019,0.07047595828771591,0.5278355479240417,0.31188058853149414,0.07047595828771591,0.01382601261138916,0.003058852395042777,0.0006117704906500876,0.0,0.0,0.0,0.0,0.0,0.054202862083911896,44.075557708740234
C:\Users\Noura\Desktop\ASU UNI TORTURE HELL FIRE\Senior 1\Sem 8\CV\Project\Coin-Counting-System\data\raw\124.jpg,415,367,67,67.0,14102.609375,420.9734191894531,0.9924416542053223,1.0,0.997867226600647,21.68597984313965,113.34001159667969,175.61477661132812,0.0,0.9505763649940491,0.049423642456531525,0.0,0.0,0.0,0.0,0.0,0.0,0.0,0.0,0.0,0.0,0.0,0.0,0.0,0.0,0.0,7.534091855632141e-05,0.0020342047791928053,0.005273864138871431,0.011753182858228683,0.4706547260284424,0.41799139976501465,0.07225193828344345,0.015896933153271675,0.003239659359678626,0.0006027273484505713,0.00022602274839300662,0.0,0.0,0.0,0.0,0.0,0.0,0.0,0.0,0.0,0.0009040909935720265,0.010095682926476002,0.030437730252742767,0.08920364826917648,0.27567240595817566,0.49416106939315796,0.09847057610750198,0.001054772874340415,0.0,0.0,0.17629775404930115,50.169498443603516
C:\Users\Noura\Desktop\ASU UNI TORTURE HELL FIRE\Senior 1\Sem 8\CV\Project\Coin-Counting-System\data\raw\124.jpg,269,672,68,68.0,14526.724609375,427.256591796875,0.9964323043823242,1.0,0.9995504021644592,9.20244312286377,134.72369384765625,86.61222839355469,0.9692093729972839,0.030790608376264572,0.0,0.0,0.0,0.0,0.0,0.0,0.0,0.0,0.0,0.0,0.0,0.0,0.0,0.0,0.0,0.0,0.0003656841872725636,0.0003656841872725636,0.002998610492795706,0.014773641712963581,0.05273165926337242,0.1964455544948578,0.49243032932281494,0.18679147958755493,0.04022525995969772,0.009873473085463047,0.0018284210236743093,0.0007313683745451272,0.00029254736728034914,0.00014627368364017457,0.0,0.0,0.0,0.005777810234576464,0.3120017647743225,0.5038396716117859,0.11694580316543579,0.03473999723792076,0.016894610598683357,0.005485262721776962,0.001974694663658738,0.0008045052527450025,0.0005850947345606983,0.00029254736728034914,0.00029254736728034914,0.0003656841872725636,0.12798947095870972,57.05221176147461
C:\Users\Noura\Desktop\ASU UNI TORTURE HELL FIRE\Senior 1\Sem 8\CV\Project\Coin-Counting-System\data\raw\124.jpg,456,674,82,82.0,21124.068359375,515.22119140625,0.9949256777763367,1.0,0.9996455907821655,8.72551155090332,131.5579376220703,73.81564331054688,0.9770429730415344,0.022957023233175278,0.0,0.0,0.0,0.0,0.0,0.0,0.0,0.0,0.0,0.0,0.0,0.0,0.0,0.0,0.0,0.0012947561917826533,0.008913898840546608,0.009312285110354424,0.007021562661975622,0.011553209275007248,0.056321896612644196,0.18878541886806488,0.5208904147148132,0.1752900779247284,0.018176386132836342,0.0022409241646528244,0.00014939495304133743,4.979831646778621e-05,0.0,0.0,0.0,0.0,4.979831646778621e-05,0.16049997508525848,0.6409541368484497,0.15138688683509827,0.02270803228020668,0.008216721937060356,0.007270554080605507,0.006672974675893784,0.0022409241646528244,0.0,0.0,0.0,0.0,0.0,0.0678253099322319,39.09105682373047
C:\Users\Noura\Desktop\ASU UNI TORTURE HELL FIRE\Senior 1\Sem 8\CV\Project\Coin-Counting-System\data\raw\125.jpg,247,385,70,70.0,15393.8037109375,439.8229675292969,0.9940057992935181,1.0,0.9981432557106018,100.62564849853516,34.565528869628906,113.1937255859375,0.08507411181926727,0.2592209577560425,0.000827300944365561,0.0,0.0,0.0,0.0,0.0,6.894174293847755e-05,0.0011030678870156407,0.005377456080168486,0.1948983073234558,0.12588763236999512,0.22950707376003265,0.046604618430137634,0.05143054202198982,0.5396759510040283,0.1498793512582779,0.02619786188006401,0.02419855259358883,0.03764219209551811,0.1749052107334137,0.04563943296670914,0.0017924853600561619,6.894174293847755e-05,0.0,0.0,0.0,0.0,0.0,0.0,0.0,0.0,0.0,0.0,0.0001378834858769551,0.025991037487983704,0.18793518841266632,0.2974146902561188,0.2262668013572693,0.17924854159355164,0.07238882780075073,0.008617717772722244,0.0017924853600561619,0.00020682523609139025,0.0,0.0,0.0,0.1359531134366989,49.538753509521484
C:\Users\Noura\Desktop\ASU UNI TORTURE HELL FIRE\Senior 1\Sem 8\CV\Project\Coin-Counting-System\data\raw\125.jpg,377,583,72,72.0,16286.0166015625,452.38934326171875,0.9926350116729736,1.0,0.9980324506759644,14.61445426940918,123.17082214355469,105.0325927734375,0.033955637365579605,0.9660443663597107,0.0,0.0,0.0,0.0,0.0,0.0,0.0,0.0,0.0,0.0,0.0,0.0,0.0,0.0,0.0,0.0,0.0,6.504911289084703e-05,0.0027971118688583374,0.041761528700590134,0.15514212846755981,0.3792363107204437,0.36531582474708557,0.04924217611551285,0.00572432205080986,0.000585442001465708,0.00013009822578169405,0.0,0.0,0.0,0.0,0.0,0.0,0.00019514733867254108,0.011643790639936924,0.24712157249450684,0.4879333972930908,0.17407143115997314,0.057243216782808304,0.017238015308976173,0.0039029468316584826,0.000585442001465708,6.504911289084703e-05,0.0,0.0,0.0,0.16444414854049683,50.397064208984375
C:\Users\Noura\Desktop\ASU UNI TORTURE HELL FIRE\Senior 1\Sem 8\CV\Project\Coin-Counting-System\data\raw\126.jpg,284,670,65,65.0,13273.228515625,408.40704345703125,0.9855778217315674,1.0,0.9954914450645447,9.523006439208984,146.90628051757812,89.29559326171875,0.9857865571975708,0.011161969043314457,0.0,0.0,0.0,0.0,0.0,0.0,0.0,0.0,0.0,0.0,0.0,0.0,0.0,0.0030514735262840986,0.0,0.0008030193275772035,0.002248454140499234,0.00505902199074626,0.004256002604961395,0.007869590073823929,0.017746727913618088,0.0593431293964386,0.26804786920547485,0.4180518686771393,0.19055649638175964,0.022484542801976204,0.002971171634271741,0.0003212077426724136,0.0001606038713362068,8.03019356681034e-05,0.0,0.0,0.0,0.0030514735262840986,0.20107604563236237,0.5490243434906006,0.2036457061767578,0.029631413519382477,0.009395326487720013,0.003212077310308814,0.0007227174355648458,0.0,0.0002409058070043102,0.0,0.0,0.0,0.07909740507602692,42.24665451049805
C:\Users\Noura\Desktop\ASU UNI TORTURE HELL FIRE\Senior 1\Sem 8\CV\Project\Coin-Counting-System\data\raw\126.jpg,271,458,71,71.0,15836.7685546875,446.1061706542969,0.9964891672134399,1.0,1.0,9.722657203674316,149.10328674316406,89.81149291992188,0.9682253003120422,0.031239548698067665,0.0,0.0,0.0,0.0,0.0,0.0,0.0,0.0,0.0,0.0,0.0,0.0,0.0,0.0005351528525352478,0.0,0.0,0.0010034115985035896,0.002541976049542427,0.004883269779384136,0.007759716361761093,0.011171315796673298,0.04722724109888077,0.19365844130516052,0.5103351473808289,0.2018195241689682,0.018328985199332237,0.0011371998116374016,0.00013378821313381195,0.0,0.0,0.0,0.0,0.0,0.0016723526641726494,0.16161616146564484,0.5833835005760193,0.22235600650310516,0.026356277987360954,0.0039467522874474525,0.0005351528525352478,0.00013378821313381195,0.0,0.0,0.0,0.0,0.0,0.059335071593523026,31.202373504638672
C:\Users\Noura\Desktop\ASU UNI TORTURE HELL FIRE\Senior 1\Sem 8\CV\Project\Coin-Counting-System\data\raw\126.jpg,461,544,76,76.0,18145.83984375,477.5220947265625,0.9974105954170227,1.0,0.999778687953949,18.686325073242188,132.44244384765625,109.99778747558594,0.0,1.0,0.0,0.0,0.0,0.0,0.0,0.0,0.0,0.0,0.0,0.0,0.0,0.0,0.0,0.0,0.0,0.0,0.0,0.00017448961443733424,0.0026173442602157593,0.012854068540036678,0.05903565511107445,0.23753853142261505,0.518815815448761,0.13697434961795807,0.025359157472848892,0.0052346885204315186,0.0013377537252381444,5.8163204812444746e-05,0.0,0.0,0.0,0.0,0.0,0.0,0.009131623432040215,0.13301925361156464,0.4048159122467041,0.375036358833313,0.05775606259703636,0.01483161747455597,0.004245914053171873,0.0009887744672596455,0.00017448961443733424,0.0,0.0,0.0,0.12923865020275116,53.94613265991211
C:\Users\Noura\Desktop\ASU UNI TORTURE HELL FIRE\Senior 1\Sem 8\CV\Project\Coin-Counting-System\data\raw\127.jpg,413,408,62,62.0,12076.2822265625,389.5574951171875,0.991649329662323,1.0,0.9973509907722473,11.386570930480957,144.6782684326172,150.1970977783203,0.5219240188598633,0.4780760109424591,0.0,0.0,0.0,0.0,0.0,0.0,0.0,0.0,0.0,0.0,0.0,0.0,0.0,0.0,0.0,0.0,8.858180808601901e-05,0.00017716361617203802,0.0014173089293763041,0.006732217036187649,0.01576756127178669,0.09070777148008347,0.3164142072200775,0.4328106939792633,0.11586499959230423,0.015944724902510643,0.002923199674114585,0.000974399852566421,8.858180808601901e-05,8.858180808601901e-05,0.0,0.0,0.0,0.0,0.0,0.011515635065734386,0.01939941570162773,0.07130835205316544,0.24014528095722198,0.4095136821269989,0.14447692036628723,0.07139693200588226,0.022411197423934937,0.00558065390214324,0.0028346178587526083,0.0014173089293763041,0.19434848427772522,66.11663055419922
C:\Users\Noura\Desktop\ASU UNI TORTURE HELL FIRE\Senior 1\Sem 8\CV\Project\Coin-Counting-System\data\raw\127.jpg,302,595,79,79.0,19606.6796875,496.37164306640625,0.997004508972168,1.0,0.9998977780342102,11.71427059173584,143.3909149169922,93.97576141357422,0.37135177850723267,0.6286482214927673,0.0,0.0,0.0,0.0,0.0,0.0,0.0,0.0,0.0,0.0,0.0,0.0,0.0,0.0,0.0,0.0,0.0,0.0,0.0002149959618691355,0.0016662187408655882,0.008116098120808601,0.06148884817957878,0.39779630303382874,0.4882020950317383,0.04176296666264534,0.0007524858810938895,0.0,0.0,0.0,0.0,0.0,0.0,0.0,0.0,0.05745767429471016,0.5163665413856506,0.4002687335014343,0.023327061906456947,0.002526202704757452,0.0,5.3748990467283875e-05,0.0,0.0,0.0,0.0,0.0,0.028755711391568184,22.73387336730957
C:\Users\Noura\Desktop\ASU UNI TORTURE HELL FIRE\Senior 1\Sem 8\CV\Project\Coin-Counting-System\data\raw\128.jpg,264,540,80,80.0,20106.193359375,502.6548156738281,0.9952563047409058,1.0,0.9988560676574707,18.189910888671875,140.27316284179688,123.6156234741211,0.0,0.999738335609436,0.0002616568235680461,0.0,0.0,0.0,0.0,0.0,0.0,0.0,0.0,0.0,0.0,0.0,0.0,0.0,0.0,0.0,0.0,0.0002616568235680461,0.0010989586589857936,0.009367314167320728,0.03731226176023483,0.12083311378955841,0.4017478823661804,0.35166674852371216,0.06232665106654167,0.011826887726783752,0.0024595740251243114,0.0007849704124964774,0.00031398815917782485,0.0,0.0,0.0,0.0,0.0,0.002354911295697093,0.03987649828195572,0.2156575471162796,0.31733739376068115,0.30995866656303406,0.101313516497612,0.01114657986909151,0.0019362603779882193,0.0004186508886050433,0.0,0.0,0.0,0.15060965716838837,48.749359130859375
C:\Users\Noura\Desktop\ASU UNI TORTURE HELL FIRE\Senior 1\Sem 8\CV\Project\Coin-Counting-System\data\raw\128.jpg,454,403,82,82.0,21124.068359375,515.22119140625,0.9948731064796448,1.0,0.9995747804641724,13.603903770446777,111.64205169677734,135.05552673339844,0.1347542405128479,0.8652457594871521,0.0,0.0,0.0,0.0,0.0,0.0,0.0,0.0,0.0,0.0,0.0,0.0,0.0,0.0,0.0,0.0,0.0,0.00029878990608267486,0.02873362973332405,0.14665603637695312,0.3298640549182892,0.2958019971847534,0.18435336649417877,0.011951596476137638,0.001892336062155664,0.00029878990608267486,4.979831646778621e-05,9.959663293557242e-05,0.0,0.0,0.0,0.0,0.0,0.0,0.00014939495304133743,0.0025895123835653067,0.023952990770339966,0.22608435153961182,0.5343857407569885,0.17623624205589294,0.02460036799311638,0.009063293226063251,0.0024899158161133528,0.00039838653174228966,4.979831646778621e-05,0.0,0.09202729165554047,42.43464279174805
C:\Users\Noura\Desktop\ASU UNI TORTURE HELL FIRE\Senior 1\Sem 8\CV\Project\Coin-Counting-System\data\raw\128.jpg,463,626,84,84.0,22167.078125,527.7875366210938,0.9946008324623108,1.0,0.9984641671180725,8.73906421661377,153.62110900878906,107.154541015625,0.9961613416671753,0.003838680684566498,0.0,0.0,0.0,0.0,0.0,0.0,0.0,0.0,0.0,0.0,0.0,0.0,0.0,0.0,0.0,0.0,0.00033173782867379487,0.002369555877521634,0.007629970088601112,0.01990427076816559,0.026017723605036736,0.03715463727712631,0.14416378736495972,0.34429648518562317,0.29974883794784546,0.10061134397983551,0.01303255744278431,0.0029382493812590837,0.0012321691028773785,0.0005686934455297887,0.0,0.0,0.0,0.0006160845514386892,0.04023506119847298,0.23695559799671173,0.36221033334732056,0.21335481107234955,0.1080043613910675,0.0288137998431921,0.008103881031274796,0.0006160845514386892,0.0004739111755043268,0.0003791289636865258,0.0002369555877521634,0.0,0.12800341844558716,54.14952850341797
C:\Users\Noura\Desktop\ASU UNI TORTURE HELL FIRE\Senior 1\Sem 8\CV\Project\Coin-Counting-System\data\raw\129.jpg,439,522,67,67.0,14102.609375,420.9734191894531,0.9924416542053223,1.0,0.997867226600647,7.154524326324463,171.75144958496094,102.58486938476562,0.9984931945800781,0.0006780682597309351,0.0,0.0,0.0,0.0,0.0,0.0,0.0,0.0,0.0,0.0,0.0,0.0,0.0,0.0008287500822916627,0.0,7.534091855632141e-05,7.534091855632141e-05,0.00045204549678601325,0.0012054546969011426,0.0008287500822916627,0.0020342047791928053,0.004294432234019041,0.019211934879422188,0.1167784258723259,0.4601069986820221,0.34837639331817627,0.037067729979753494,0.007383409887552261,0.001808181987144053,0.00030136367422528565,0.0,0.0,7.534091855632141e-05,0.002938295714557171,0.01642432063817978,0.3027951419353485,0.4808257222175598,0.13440819084644318,0.04565659537911415,0.01341068372130394,0.002938295714557171,0.00037670458550564945,0.00015068183711264282,0.0,0.0,0.0,0.05771114304661751,38.53290939331055
C:\Users\Noura\Desktop\ASU UNI TORTURE HELL FIRE\Senior 1\Sem 8\CV\Project\Coin-Counting-System\data\raw\130.jpg,434,490,64,64.0,12867.9638671875,402.1238708496094,0.9882676601409912,1.0,0.9961461424827576,12.461735725402832,175.51504516601562,130.6344451904297,0.39731365442276,0.5941464304924011,0.0072962441481649876,0.0,0.0,0.0,0.0,0.0,0.0,0.0,0.0,0.0,0.0,0.0,0.0,0.0012436779215931892,0.0,0.0,0.0,0.0,0.0009120305185206234,0.004643064457923174,0.016084901988506317,0.051985740661621094,0.11093607544898987,0.15786418318748474,0.19078020751476288,0.1807478666305542,0.1113506332039833,0.06384213268756866,0.04137302190065384,0.06948014348745346,0.0,8.291186532005668e-05,0.0039797695353627205,0.045767348259687424,0.09733852744102478,0.11052151769399643,0.11574496328830719,0.13655583560466766,0.12934251129627228,0.11193101853132248,0.0752839744091034,0.056545890867710114,0.042616698890924454,0.03299892321228981,0.023878617212176323,0.01741149090230465,0.25130584836006165,115.15629577636719
C:\Users\Noura\Desktop\ASU UNI TORTURE HELL FIRE\Senior 1\Sem 8\CV\Project\Coin-Counting-System\data\raw\131.jpg,384,545,65,65.0,13273.228515625,408.40704345703125,0.9855778217315674,1.0,0.9954914450645447,22.07628631591797,129.6273193359375,193.1480712890625,8.03019356681034e-05,0.6374367475509644,0.3624829351902008,0.0,0.0,0.0,0.0,0.0,0.0,0.0,0.0,0.0,0.0,0.0,0.0,0.0,0.0,0.0,0.0,0.0,0.0,0.0026499638333916664,0.1362723857164383,0.45972856879234314,0.21665462851524353,0.08696699887514114,0.050188709050416946,0.023287560790777206,0.012205894105136395,0.005219625774770975,0.002248454140499234,0.004577210173010826,0.0,0.0,0.0,0.00040150966378860176,0.001606038655154407,0.0028105678502470255,0.006825664546340704,0.019433068111538887,0.041516099125146866,0.06825664639472961,0.09475628286600113,0.15755239129066467,0.24010278284549713,0.2515859603881836,0.10294707864522934,0.012205894105136395,0.29005059599876404,87.4356918334961
C:\Users\Noura\Desktop\ASU UNI TORTURE HELL FIRE\Senior 1\Sem 8\CV\Project\Coin-Counting-System\data\raw\132.jpg,451,414,90,90.0,25446.900390625,565.4866943359375,0.9976251721382141,1.0,0.9998023509979248,23.790523529052734,113.56945037841797,187.38526916503906,0.0020153827499598265,0.28914573788642883,0.7088388800621033,0.0,0.0,0.0,0.0,0.0,0.0,0.0,0.0,0.0,0.0,0.0,0.0,0.0,0.0,0.0,0.0,0.0003701723471749574,0.052852384746074677,0.19454613327980042,0.28606095910072327,0.19746637344360352,0.15888619422912598,0.0648212879896164,0.024678155779838562,0.010405955836176872,0.005922757554799318,0.0024266852997243404,0.0008637354476377368,0.0006992144044488668,0.0,0.0,0.0,0.00012339078239165246,0.003907374572008848,0.018015053123235703,0.04425615817308426,0.05544358864426613,0.06329946964979172,0.09283099323511124,0.11602846533060074,0.10336033999919891,0.09505202621221542,0.1175091490149498,0.18356435000896454,0.10660963505506516,0.22383087873458862,89.1962661743164
C:\Users\Noura\Desktop\ASU UNI TORTURE HELL FIRE\Senior 1\Sem 8\CV\Project\Coin-Counting-System\data\raw\132.jpg,522,580,101,101.0,32047.38671875,634.6017456054688,0.9979568123817444,1.0,0.9999687075614929,21.961471557617188,141.34474182128906,154.93685913085938,0.0004226680030114949,0.7204213738441467,0.27362877130508423,0.0034463698975741863,0.0008453360060229897,0.00048769384738989174,0.00022759046987630427,0.0002601033775135875,0.0002601033775135875,0.0,0.0,0.0,0.0,0.0,0.0,0.0,0.0028286243323236704,0.007998179644346237,0.005559709854424,0.004681861028075218,0.004064115695655346,0.005202068015933037,0.010956855490803719,0.03046461008489132,0.42364341020584106,0.4354455769062042,0.06489579379558563,0.0038040122017264366,0.00039015509537421167,6.502584437839687e-05,0.0,0.0,0.0,0.0,0.0,0.00039015509537421167,0.0018857496324926615,0.0023734434507787228,0.002633546944707632,0.00757551146671176,0.12819845974445343,0.5607829093933105,0.24140846729278564,0.034918881952762604,0.010274084284901619,0.003576421644538641,0.0026010340079665184,0.003381344024091959,0.07946158945560455,41.676658630371094
C:\Users\Noura\Desktop\ASU UNI TORTURE HELL FIRE\Senior 1\Sem 8\CV\Project\Coin-Counting-System\data\raw\132.jpg,378,672,102,102.0,32685.130859375,640.8848876953125,0.9975214600563049,1.0,0.999602198600769,15.146831512451172,143.8660888671875,93.01292419433594,0.06903905421495438,0.9282235503196716,0.0027055416721850634,3.1829902582103387e-05,0.0,0.0,0.0,0.0,0.0,0.0,0.0,0.0,0.0,0.0,0.0,0.0,0.0,3.1829902582103387e-05,0.00015914950927253813,0.0002546392206568271,0.0024827322922647,0.005474742967635393,0.02196263149380684,0.10246045142412186,0.346245676279068,0.37702518701553345,0.11996689438819885,0.019893687218427658,0.002928350819274783,0.0008912372286431491,0.00012731961032841355,9.548970410833135e-05,0.0,0.0,3.1829902582103387e-05,0.016424229368567467,0.29188019037246704,0.3315402567386627,0.18442244827747345,0.09424833953380585,0.03625425696372986,0.03969188779592514,0.004869974683970213,0.0006047681090421975,3.1829902582103387e-05,0.0,0.0,0.0,0.12283159047365189,47.3319091796875
C:\Users\Noura\Desktop\ASU UNI TORTURE HELL FIRE\Senior 1\Sem 8\CV\Project\Coin-Counting-System\data\raw\132.jpg,277,420,107,107.0,35968.09375,672.3008422851562,0.9984176158905029,1.0,1.0,18.462493896484375,119.51754760742188,111.80841064453125,0.02365616336464882,0.8576586246490479,0.11842523515224457,0.00025995782925747335,0.0,0.0,0.0,0.0,0.0,0.0,0.0,0.0,0.0,0.0,0.0,0.0,0.0,0.0,8.665260975249112e-05,0.0013286733301356435,0.012969007715582848,0.0618988461792469,0.24950174987316132,0.371393084526062,0.21475404500961304,0.06805118173360825,0.015424164943397045,0.0038415989838540554,0.0006643366650678217,2.8884203857160173e-05,5.776840771432035e-05,0.0,0.0,0.0,0.0,0.00025995782925747335,0.048409923911094666,0.2541520893573761,0.25296786427497864,0.22180180251598358,0.11403483152389526,0.05687299743294716,0.028393171727657318,0.01265128143131733,0.005112504120916128,0.002657346660271287,0.001993010053411126,0.0006932208780199289,0.14982236921787262,66.57674407958984
C:\Users\Noura\Desktop\ASU UNI TORTURE HELL FIRE\Senior 1\Sem 8\CV\Project\Coin-Counting-System\data\raw\133.jpg,248,450,61,61.0,11689.8662109375,383.2742919921875,0.9884719252586365,1.0,0.9964035153388977,10.093466758728027,150.39173889160156,106.4825439453125,0.9507926106452942,0.04920736700296402,0.0,0.0,0.0,0.0,0.0,0.0,0.0,0.0,0.0,0.0,0.0,0.0,0.0,0.0,0.0,0.0,0.00018326766439713538,0.0004581691464409232,0.0033904516603797674,0.009255017153918743,0.027490150183439255,0.06359387934207916,0.18537524342536926,0.4392925798892975,0.19884541630744934,0.048565931618213654,0.01603592000901699,0.004490057937800884,0.002107578096911311,0.0009163382928818464,0.0,0.0,0.0,0.0007330706575885415,0.009804819710552692,0.20489324629306793,0.5282690525054932,0.16347475349903107,0.05186474695801735,0.024557866156101227,0.009255017153918743,0.003298817900940776,0.0023824796080589294,0.000824704475235194,0.000641436839941889,0.0,0.16017593443393707,66.56133270263672
C:\Users\Noura\Desktop\ASU UNI TORTURE HELL FIRE\Senior 1\Sem 8\CV\Project\Coin-Counting-System\data\raw\133.jpg,504,418,72,72.0,16286.0166015625,452.38934326171875,0.9926350116729736,1.0,0.9980324506759644,9.729135513305664,143.1521453857422,87.63488006591797,0.9748259782791138,0.025174006819725037,0.0,0.0,0.0,0.0,0.0,0.0,0.0,0.0,0.0,0.0,0.0,0.0,0.0,0.0,0.0,0.0,0.0,0.0006504910998046398,0.002016522455960512,0.005138879641890526,0.015156443230807781,0.0975736677646637,0.3469069004058838,0.4409679174423218,0.08443374931812286,0.006309763994067907,0.0007155402563512325,6.504911289084703e-05,6.504911289084703e-05,0.0,0.0,0.0,0.0,0.0031223574187606573,0.18812203407287598,0.6447668075561523,0.14473427832126617,0.014831197448074818,0.0030573082622140646,0.0011058349628001451,0.0002601964515633881,0.0,0.0,0.0,0.0,0.0,0.0662199929356575,34.134437561035156
C:\Users\Noura\Desktop\ASU UNI TORTURE HELL FIRE\Senior 1\Sem 8\CV\Project\Coin-Counting-System\data\raw\133.jpg,470,623,86,86.0,23235.21875,540.3539428710938,0.9957901835441589,1.0,0.9997842311859131,13.061944007873535,81.90403747558594,93.701171875,0.3445533812046051,0.6517417430877686,0.003704875009134412,0.0,0.0,0.0,0.0,0.0,0.0,0.0,0.0,0.0,0.0,0.0,0.0,0.0,0.0003162698121741414,0.042922332882881165,0.1551981270313263,0.13052907586097717,0.20959652960300446,0.05200379341840744,0.10292323678731918,0.2667509913444519,0.03704874962568283,0.0022138888016343117,0.0003162698121741414,0.00018072561942972243,0.0,0.0,0.0,0.0,0.0,0.0,9.036280971486121e-05,0.009217006154358387,0.22016897797584534,0.3136492967605591,0.30858898162841797,0.1421407014131546,0.004427777603268623,0.0010843536583706737,0.00036145123885944486,0.00018072561942972243,9.036280971486121e-05,0.0,0.0,0.0,0.049880269914865494,36.64824676513672
C:\Users\Noura\Desktop\ASU UNI TORTURE HELL FIRE\Senior 1\Sem 8\CV\Project\Coin-Counting-System\data\raw\134.jpg,378,653,85,85.0,22698.0078125,534.0707397460938,0.9964677095413208,1.0,0.9996472597122192,14.841093063354492,66.4457015991211,228.4102783203125,0.21156780421733856,0.772481381893158,0.015950806438922882,0.0,0.0,0.0,0.0,0.0,0.0,0.0,0.0,0.0,0.0,0.0,0.0,0.0,0.0,0.016690554097294807,0.19159461557865143,0.23842988908290863,0.2578020393848419,0.22136946022510529,0.07226409018039703,0.0009246844565495849,0.0005085764569230378,0.0003236395714338869,4.623422137228772e-05,4.623422137228772e-05,0.0,0.0,0.0,0.0,0.0,0.0,0.0,0.0,0.0,0.0,0.0,0.0,0.0,0.0,0.001340792397968471,0.030560821294784546,0.13902631402015686,0.1821628361940384,0.31943225860595703,0.32747700810432434,0.11142447590827942,46.848453521728516
C:\Users\Noura\Desktop\ASU UNI TORTURE HELL FIRE\Senior 1\Sem 8\CV\Project\Coin-Counting-System\data\raw\134.jpg,263,436,95,95.0,28352.873046875,596.902587890625,0.9974259734153748,1.0,1.0,19.66225814819336,49.76839065551758,244.8087615966797,0.02884509041905403,0.7601400017738342,0.2045680582523346,0.004347025416791439,0.0012156935408711433,0.0005157487466931343,0.0001473567826906219,3.683919567265548e-05,0.0,0.0,0.0,0.0,0.0,0.0,0.0,0.0001841959892772138,0.019598452374339104,0.14448332786560059,0.28800883889198303,0.28436174988746643,0.25761649012565613,0.004604899790138006,0.0005894271307624876,0.0002947135653812438,0.00033155278651975095,7.367839134531096e-05,3.683919567265548e-05,0.0,0.0,0.0,0.0,0.0,0.0,0.0,0.0,0.0,0.0,0.0,0.0,0.0,0.0,7.367839134531096e-05,0.0001473567826906219,0.0005894271307624876,0.004273346625268459,0.05396942421793938,0.19215324521064758,0.7487935423851013,0.08712469786405563,43.75065231323242
C:\Users\Noura\Desktop\ASU UNI TORTURE HELL FIRE\Senior 1\Sem 8\CV\Project\Coin-Counting-System\data\raw\135.jpg,394,590,86,86.0,23235.21875,540.3539428710938,0.9957901835441589,1.0,0.9997842311859131,18.414133071899414,131.712646484375,120.73948669433594,0.0,0.9988704919815063,0.0011295350268483162,0.0,0.0,0.0,0.0,0.0,0.0,0.0,0.0,0.0,0.0,0.0,0.0,0.0,0.0,0.0,0.0,0.0,0.0001355442072963342,0.004111507907509804,0.03469931706786156,0.2586183547973633,0.6029458045959473,0.08891700208187103,0.009307368658483028,0.0010391722898930311,0.0001355442072963342,9.036280971486121e-05,0.0,0.0,0.0,0.0,0.0,4.518140485743061e-05,0.002394614275544882,0.07441376894712448,0.21768400073051453,0.34102922677993774,0.27285048365592957,0.08873627334833145,0.00280124694108963,4.518140485743061e-05,0.0,0.0,0.0,0.0,0.11589030176401138,35.95247268676758
C:\Users\Noura\Desktop\ASU UNI TORTURE HELL FIRE\Senior 1\Sem 8\CV\Project\Coin-Counting-System\data\raw\136.jpg,392,490,70,70.0,15393.8037109375,439.8229675292969,0.9938111305236816,1.0,0.9980453252792358,25.610342025756836,50.23516082763672,227.3921356201172,0.0274388138204813,0.40186142921447754,0.5132023692131042,0.017924852669239044,0.003653912339359522,0.001723543624393642,0.0015167184174060822,0.001654601888731122,0.00868665985763073,0.009238193742930889,0.002757669659331441,0.0019993106834590435,0.0008962426800280809,0.0009651844156906009,0.002688728040084243,0.0037917960435152054,0.2030334323644638,0.10630816966295242,0.042261287569999695,0.21509824693202972,0.3597380220890045,0.06073767691850662,0.010203378275036812,0.0019303688313812017,0.0002757669717539102,0.00020682523609139025,6.894174293847755e-05,6.894174293847755e-05,0.0,0.0,0.0,6.894174293847755e-05,0.0,0.0,0.0,6.894174293847755e-05,0.0019303688313812017,0.006549465470016003,0.008548776619136333,0.009513961151242256,0.009307135827839375,0.012340572662651539,0.017304377630352974,0.02668045461177826,0.03950361907482147,0.10830748081207275,0.37780076265335083,0.38214409351348877,0.19007238745689392,130.4618377685547
C:\Users\Noura\Desktop\ASU UNI TORTURE HELL FIRE\Senior 1\Sem 8\CV\Project\Coin-Counting-System\data\raw\136.jpg,353,686,73,73.0,16741.546875,458.6725158691406,0.995776891708374,1.0,1.0,24.053815841674805,117.99253845214844,231.0116424560547,0.0,0.0698159709572792,0.930184006690979,0.0,0.0,0.0,0.0,0.0,0.0,0.0,0.0,0.0,0.0,0.0,0.0,0.0,0.0,6.323910929495469e-05,0.0,0.0008221084135584533,0.0017706949729472399,0.01473471149802208,0.21817491948604584,0.6205653548240662,0.12369569391012192,0.01593625545501709,0.0034149116836488247,0.0005691519472748041,0.00025295643717981875,0.0,0.0,0.0,0.0,0.0,0.0,0.0,0.0,0.0,0.0,0.0,0.00044267374323680997,0.0019604123663157225,0.005059128627181053,0.01517738588154316,0.04534243792295456,0.18965408205986023,0.450894832611084,0.2914690375328064,0.17928287386894226,50.32672882080078
C:\Users\Noura\Desktop\ASU UNI TORTURE HELL FIRE\Senior 1\Sem 8\CV\Project\Coin-Counting-System\data\raw\137.jpg,326,652,72,72.0,16286.0166015625,452.38934326171875,0.9926350116729736,1.0,0.9980324506759644,10.66408634185791,142.30494689941406,111.86885833740234,0.9673453569412231,0.02738567627966404,0.0,0.0,0.0,0.0,0.0,0.0,0.0,0.0,0.0,0.0,0.0,0.0,0.0003252455499023199,0.004943732637912035,0.0,0.002341768005862832,0.009627268649637699,0.006439862307161093,0.0074806478805840015,0.010342808440327644,0.033695440739393234,0.08762115240097046,0.2763286232948303,0.4236648678779602,0.11181942373514175,0.02478371188044548,0.005268977954983711,0.000585442001465708,0.0,0.0,0.0,0.0,0.0,0.00013009822578169405,0.024588564410805702,0.19326090812683105,0.2713848948478699,0.33363690972328186,0.12229233235120773,0.03506147116422653,0.01405060850083828,0.003772848518565297,0.0015611787093803287,0.00019514733867254108,6.504911289084703e-05,0.0,0.1749170571565628,57.61873245239258
C:\Users\Noura\Desktop\ASU UNI TORTURE HELL FIRE\Senior 1\Sem 8\CV\Project\Coin-Counting-System\data\raw\137.jpg,439,478,74,74.0,17203.361328125,464.9557189941406,0.9955558776855469,1.0,0.9997093677520752,19.09630012512207,131.21353149414062,147.06785583496094,0.000184717689990066,0.9985222816467285,0.0012930238153785467,0.0,0.0,0.0,0.0,0.0,0.0,0.0,0.0,0.0,0.0,0.0,0.0,0.0,0.0,0.0,0.0,6.15725657553412e-05,0.0009851610520854592,0.005295240320265293,0.033557046204805374,0.35582783818244934,0.4830983281135559,0.09186626225709915,0.01736346259713173,0.0073887077160179615,0.002955483039841056,0.0012314512860029936,0.000184717689990066,0.000184717689990066,0.0,0.0,0.0,0.0,0.0006772981723770499,0.00652669183909893,0.024013299494981766,0.06606736034154892,0.27504464983940125,0.4172772467136383,0.1913675218820572,0.016809308901429176,0.001539314049296081,0.0005541530554182827,0.0,0.0001231451315106824,0.14888246357440948,51.67627716064453
C:\Users\Noura\Desktop\ASU UNI TORTURE HELL FIRE\Senior 1\Sem 8\CV\Project\Coin-Counting-System\data\raw\137.jpg,223,500,76,76.0,18145.83984375,477.5220947265625,0.9974105954170227,1.0,0.999778687953949,9.932123184204102,145.97650146484375,96.2690658569336,0.9742918610572815,0.022683650255203247,0.0,0.0,0.0,0.0,0.0,0.0,0.0,0.0,0.0,0.0,0.0,0.0,0.00029081603861413896,0.0027336706407368183,0.0,0.0008142848964780569,0.004129587672650814,0.005758157465606928,0.008666317909955978,0.009073460474610329,0.014366311952471733,0.057407084852457047,0.24771709740161896,0.4697260558605194,0.1593090146780014,0.019717326387763023,0.0031408132053911686,0.00017448961443733424,0.0,0.0,0.0,0.0,0.00011632640962488949,0.006456115748733282,0.062118303030729294,0.38300472497940063,0.4694352447986603,0.07020299136638641,0.00802652258425951,0.0006397952674888074,0.0,0.0,0.0,0.0,0.0,0.0,0.04676321893930435,32.91812515258789
C:\Users\Noura\Desktop\ASU UNI TORTURE HELL FIRE\Senior 1\Sem 8\CV\Project\Coin-Counting-System\data\raw\138.jpg,353,414,95,95.0,28352.873046875,596.902587890625,0.9974259734153748,1.0,1.0,17.156898498535156,125.71099853515625,99.63687896728516,0.033597346395254135,0.9270215630531311,0.03934426233172417,0.0,0.0,0.0,0.0,0.0,0.0,0.0,0.0,0.0,0.0,0.0,0.0,3.683919567265548e-05,0.0,0.0,0.0,3.683919567265548e-05,0.0008104623411782086,0.020556271076202393,0.19742125272750854,0.4020998477935791,0.230244979262352,0.09036654978990555,0.032750047743320465,0.013593663461506367,0.006852090824395418,0.003573402063921094,0.0009946583304554224,0.0006999447359703481,0.0,0.0,0.0016577638452872634,0.04417019709944725,0.2180880457162857,0.2592006027698517,0.19436360895633698,0.12672683596611023,0.08093571662902832,0.03569718077778816,0.016798673197627068,0.010314974933862686,0.007809909526258707,0.003131331643089652,0.0009578191093169153,0.0001473567826906219,0.16293977200984955,57.19837951660156
C:\Users\Noura\Desktop\ASU UNI TORTURE HELL FIRE\Senior 1\Sem 8\CV\Project\Coin-Counting-System\data\raw\138.jpg,450,616,103,103.0,33329.15625,647.1680908203125,0.9982760548591614,1.0,0.9999699592590332,17.94640350341797,137.8317108154297,129.13108825683594,0.0708998367190361,0.6583690047264099,0.2707311809062958,0.0,0.0,0.0,0.0,0.0,0.0,0.0,0.0,0.0,0.0,0.0,0.0,0.0,0.0,0.0,0.0,6.246681732591242e-05,0.00021863385336473584,0.007745884824544191,0.0918886810541153,0.2700127959251404,0.25164756178855896,0.20876409113407135,0.11100353300571442,0.04531967267394066,0.01133772637695074,0.0016553705791011453,0.00024986726930364966,9.370021871291101e-05,0.0,0.0,0.0,0.003466908121481538,0.03782365471124649,0.1474529206752777,0.12496486306190491,0.17553174495697021,0.15891557931900024,0.1564793735742569,0.13217978179454803,0.045225974172353745,0.01136896014213562,0.0033107411582022905,0.0016553705791011453,0.0016241371631622314,0.14767155051231384,56.05495071411133
C:\Users\Noura\Desktop\ASU UNI TORTURE HELL FIRE\Senior 1\Sem 8\CV\Project\Coin-Counting-System\data\raw\138.jpg,230,638,107,107.0,35968.09375,672.3008422851562,0.9984176158905029,1.0,1.0,14.000144004821777,131.6239013671875,69.89537811279297,0.11721209436655045,0.8797261714935303,0.0030328412540256977,2.8884203857160173e-05,0.0,0.0,0.0,0.0,0.0,0.0,0.0,0.0,0.0,0.0,0.0,0.0,0.0,0.0,0.0,0.0,0.0027728835120797157,0.02339620515704155,0.0877213254570961,0.3210190236568451,0.3332081735134125,0.16287802159786224,0.05464891344308853,0.010831575840711594,0.002715115202590823,0.0005776840844191611,0.0001155368154286407,0.0001155368154286407,0.0,0.0,0.0005776840844191611,0.34802576899528503,0.4807775616645813,0.1230178251862526,0.035354264080524445,0.009647323749959469,0.0024551572278141975,0.00014442102110479027,0.0,0.0,0.0,0.0,0.0,0.0,0.11299500614404678,38.40374755859375
C:\Users\Noura\Desktop\ASU UNI TORTURE HELL FIRE\Senior 1\Sem 8\CV\Project\Coin-Counting-System\data\raw\139.jpg,502,572,74,74.0,17203.361328125,464.9557189941406,0.9956493377685547,1.0,0.9997093081474304,8.65851879119873,139.0697021484375,80.54984283447266,0.9921802878379822,0.00781971588730812,0.0,0.0,0.0,0.0,0.0,0.0,0.0,0.0,0.0,0.0,0.0,0.0,0.0,0.0,0.0,0.0,0.0,0.0,6.15725657553412e-05,0.005048950202763081,0.021180961281061172,0.11267779022455215,0.524351954460144,0.296533465385437,0.037743981927633286,0.0018471769290044904,0.00043100793845951557,0.0001231451315106824,0.0,0.0,0.0,0.0,0.0,0.008620158769190311,0.45791515707969666,0.4935656785964966,0.03300289437174797,0.00523366779088974,0.0012314512860029936,0.00043100793845951557,0.0,0.0,0.0,0.0,0.0,0.0,0.025614187121391296,26.325780868530273
C:\Users\Noura\Desktop\ASU UNI TORTURE HELL FIRE\Senior 1\Sem 8\CV\Project\Coin-Counting-System\data\raw\139.jpg,367,408,74,74.0,17203.361328125,464.9557189941406,0.9955558776855469,1.0,0.9997093677520752,9.394187927246094,156.9224853515625,116.80210876464844,0.9860845804214478,0.013915399089455605,0.0,0.0,0.0,0.0,0.0,0.0,0.0,0.0,0.0,0.0,0.0,0.0,0.0,0.0,0.0,0.0,0.0,0.0,6.15725657553412e-05,0.002401330042630434,0.01797918789088726,0.06785296648740768,0.18496398627758026,0.26771751046180725,0.2715965807437897,0.1395850032567978,0.030293701216578484,0.009728465229272842,0.004864232614636421,0.002955483039841056,0.0,0.0,0.0,0.0009235884645022452,0.054122284054756165,0.20417462289333344,0.1474662870168686,0.22861893475055695,0.22855734825134277,0.0993165448307991,0.024321163073182106,0.009605320170521736,0.002155039692297578,0.0005541530554182827,0.000184717689990066,0.0,0.18619543313980103,59.376304626464844
C:\Users\Noura\Desktop\ASU UNI TORTURE HELL FIRE\Senior 1\Sem 8\CV\Project\Coin-Counting-System\data\raw\140.jpg,437,535,77,77.0,18626.501953125,483.8052673339844,0.994037926197052,1.0,0.9988706707954407,18.839174270629883,131.74034118652344,140.14016723632812,0.0,0.9983583092689514,0.0016416643047705293,0.0,0.0,0.0,0.0,0.0,0.0,0.0,0.0,0.0,0.0,0.0,0.0,0.0,0.0,0.0,0.0,0.0007359184673987329,0.0028870648238807917,0.008547976613044739,0.019360316917300224,0.2727993130683899,0.5910557508468628,0.08814039081335068,0.013472968712449074,0.0025474100839346647,0.0003962637856602669,5.660911483573727e-05,0.0,0.0,0.0,0.0,0.0,0.0,0.000169827340869233,0.001754882512614131,0.026323238387703896,0.15041041374206543,0.39026322960853577,0.3729974627494812,0.05208038538694382,0.00486838398501277,0.0008491367334499955,0.00028304557781666517,0.0,0.0,0.12023776024580002,43.541969299316406
C:\Users\Noura\Desktop\ASU UNI TORTURE HELL FIRE\Senior 1\Sem 8\CV\Project\Coin-Counting-System\data\raw\140.jpg,226,569,79,79.0,19606.6796875,496.37164306640625,0.997004508972168,1.0,0.9998977780342102,8.922870635986328,143.31748962402344,84.09056854248047,0.9946250915527344,0.005374899134039879,0.0,0.0,0.0,0.0,0.0,0.0,0.0,0.0,0.0,0.0,0.0,0.0,0.0,0.0,0.0,0.0,0.0,0.0,0.0003224939573556185,0.0035474335309118032,0.021499596536159515,0.10034936666488647,0.3794678747653961,0.3767804205417633,0.0999193787574768,0.01413598470389843,0.0031174414325505495,0.000644987914711237,0.0002149959618691355,0.0,0.0,0.0,0.0,0.028755711391568184,0.32518139481544495,0.5059930086135864,0.11744154989719391,0.019725879654288292,0.0027411985211074352,0.00016124697867780924,0.0,0.0,0.0,0.0,0.0,0.0,0.06084385886788368,30.81027603149414
C:\Users\Noura\Desktop\ASU UNI TORTURE HELL FIRE\Senior 1\Sem 8\CV\Project\Coin-Counting-System\data\raw\141.jpg,365,450,70,70.0,15393.8037109375,439.8229675292969,0.9938111305236816,1.0,0.9980453252792358,21.3895206451416,58.10072326660156,177.21412658691406,0.0015167184174060822,0.7379524111747742,0.2183385044336319,0.03846949338912964,0.0006204756791703403,0.0008962426800280809,0.0013788348296657205,6.894174293847755e-05,0.0001378834858769551,0.0006204756791703403,0.0,0.0,0.0,0.0,0.0,0.0,0.09010685980319977,0.29424336552619934,0.13919338583946228,0.039917271584272385,0.06342640519142151,0.17690451443195343,0.12354360520839691,0.041778698563575745,0.016201309859752655,0.005928989965468645,0.0037228541914373636,0.0022750776261091232,0.0013788348296657205,0.0008962426800280809,0.0003447087074164301,0.0001378834858769551,0.0,6.894174293847755e-05,0.0002757669717539102,0.0019993106834590435,0.006618407554924488,0.016339194029569626,0.03164426237344742,0.05625646188855171,0.08983109146356583,0.1169251948595047,0.11995863169431686,0.14567390084266663,0.15539468824863434,0.16566701233386993,0.0830058604478836,0.010341261513531208,0.2519131302833557,95.12140655517578
C:\Users\Noura\Desktop\ASU UNI TORTURE HELL FIRE\Senior 1\Sem 8\CV\Project\Coin-Counting-System\data\raw\142.jpg,367,485,68,68.0,14526.724609375,427.256591796875,0.9962254166603088,1.0,0.9994465708732605,12.360344886779785,146.99114990234375,100.05843353271484,0.42997148633003235,0.5613252520561218,0.008483873680233955,0.00021941051818430424,0.0,0.0,0.0,0.0,0.0,0.0,0.0,0.0,0.0,0.0,0.0,0.0,0.0,0.0,0.0,0.0,0.001755284145474434,0.01967380940914154,0.09098222851753235,0.15519636869430542,0.2031741440296173,0.2321363240480423,0.14590799808502197,0.07452643662691116,0.037958018481731415,0.02025890350341797,0.010604841634631157,0.007825641892850399,0.0,0.0,0.0004388210363686085,0.013895999640226364,0.14049586653709412,0.3300665616989136,0.2614642083644867,0.1358151137828827,0.07050391286611557,0.03225334733724594,0.011263073422014713,0.0025597894564270973,0.0011701894691213965,7.313684182008728e-05,0.0,0.0,0.19600673019886017,70.47749328613281
C:\Users\Noura\Desktop\ASU UNI TORTURE HELL FIRE\Senior 1\Sem 8\CV\Project\Coin-Counting-System\data\raw\143.jpg,343,550,70,70.0,15393.8037109375,439.8229675292969,0.9938111305236816,1.0,0.9980453252792358,9.318511009216309,145.0786590576172,83.28797149658203,0.9803516268730164,0.019303688779473305,0.0,0.0,0.0,0.0,0.0,0.0,0.0,0.0,0.0,0.0,0.0,0.0,0.0,0.0003447087074164301,0.0,0.0,0.0,6.894174293847755e-05,0.0008962426800280809,0.005170630756765604,0.02668045461177826,0.09052050858736038,0.2892795503139496,0.4435022473335266,0.1233367770910263,0.016339194029569626,0.003171320306137204,0.0009651844156906009,0.0,6.894174293847755e-05,0.0,0.0,0.0001378834858769551,0.022543950006365776,0.3220958411693573,0.5618062615394592,0.0830058604478836,0.006618407554924488,0.001585660153068602,0.0019303688313812017,0.0001378834858769551,0.0001378834858769551,0.0,0.0,0.0,0.0,0.06384005397558212,38.57217788696289
C:\Users\Noura\Desktop\ASU UNI TORTURE HELL FIRE\Senior 1\Sem 8\CV\Project\Coin-Counting-System\data\raw\143.jpg,547,487,89,89.0,24884.5546875,559.2034912109375,0.9952206015586853,1.0,0.9987525939941406,14.056964874267578,90.13017272949219,99.33451080322266,0.26917412877082825,0.7302789092063904,0.00046278766239993274,0.0,0.0,0.0,0.0,0.0,0.0,0.0,0.0,0.0,0.0,0.0,0.0,8.414321200689301e-05,0.0,0.0028608692809939384,0.06289704889059067,0.17144179344177246,0.241827592253685,0.06542135030031204,0.07606546580791473,0.28764358162879944,0.08750893920660019,0.003786444431170821,0.0003786444431170821,0.00016828642401378602,0.0,0.0,0.0,0.0,0.0,0.0,4.2071606003446504e-05,0.004291303921490908,0.13046404719352722,0.31111952662467957,0.2687954902648926,0.26050737500190735,0.019689511507749557,0.004038874059915543,0.0008835037006065249,0.0001262148143723607,4.2071606003446504e-05,0.0,0.0,0.0,0.08233413100242615,38.51179122924805
C:\Users\Noura\Desktop\ASU UNI TORTURE HELL FIRE\Senior 1\Sem 8\CV\Project\Coin-Counting-System\data\raw\144.jpg,384,466,77,77.0,18626.501953125,483.8052673339844,0.994037926197052,1.0,0.9988706707954407,9.904500007629395,157.70347595214844,109.15119934082031,0.8138126134872437,0.18596093356609344,0.0002264364593429491,0.0,0.0,0.0,0.0,0.0,0.0,0.0,0.0,0.0,0.0,0.0,0.0,0.0,0.0,0.0,0.0,0.0,0.00028304557781666517,0.0023209736682474613,0.012510614469647408,0.05553353950381279,0.13852250576019287,0.3255023956298828,0.2924426794052124,0.1344466507434845,0.03209736943244934,0.0050948201678693295,0.0009057458373717964,0.000339654681738466,0.0,0.0,0.0,0.0,0.021794509142637253,0.2302858829498291,0.3381262421607971,0.2668553590774536,0.09663175791501999,0.03209736943244934,0.009227285161614418,0.003962637856602669,0.0008491367334499955,0.000169827340869233,0.0,0.0,0.17095951735973358,50.435340881347656
C:\Users\Noura\Desktop\ASU UNI TORTURE HELL FIRE\Senior 1\Sem 8\CV\Project\Coin-Counting-System\data\raw\145.jpg,377,523,72,72.0,16286.0166015625,452.38934326171875,0.9926350116729736,1.0,0.9980324506759644,7.240616798400879,171.33767700195312,92.95264434814453,0.9742405414581299,0.0048136343248188496,0.00039029467734508216,6.504911289084703e-05,0.0,0.0,0.0,0.0,0.0,0.0,0.0,0.0,0.0,0.0,0.0,0.02049046941101551,0.0,0.0,0.0002601964515633881,0.0003252455499023199,0.000585442001465708,0.0052039287984371185,0.014180706813931465,0.05073830857872963,0.12034085392951965,0.16717621684074402,0.203994020819664,0.18857736885547638,0.1301632672548294,0.06309764087200165,0.030833279713988304,0.02452351525425911,0.0,0.0,0.00383789767511189,0.10303779691457748,0.26891303062438965,0.21414168179035187,0.16099655628204346,0.1388148069381714,0.07226956635713577,0.022441944107413292,0.0107331033796072,0.00318740657530725,0.0009757367079146206,0.00045534377568401396,0.00013009822578169405,6.504911289084703e-05,0.10707084089517593,59.54283142089844
C:\Users\Noura\Desktop\ASU UNI TORTURE HELL FIRE\Senior 1\Sem 8\CV\Project\Coin-Counting-System\data\raw\146.jpg,626,365,58,58.0,10568.3173828125,364.42474365234375,0.9915351867675781,1.0,0.9979315400123596,12.596749305725098,156.83555603027344,144.0855255126953,0.11518537253141403,0.8848146200180054,0.0,0.0,0.0,0.0,0.0,0.0,0.0,0.0,0.0,0.0,0.0,0.0,0.0,0.0,0.0,0.0,0.0,0.0,0.0,0.0004062976222485304,0.0024377857334911823,0.02579989843070507,0.1516505777835846,0.40203148126602173,0.3139664828777313,0.0810563713312149,0.01950228586792946,0.0028440833557397127,0.0003047232166863978,0.0,0.0,0.0,0.0,0.0,0.0,0.0006094464333727956,0.02803453616797924,0.15744031965732574,0.33489081263542175,0.26978161931037903,0.1537836492061615,0.049974605441093445,0.0051802946254611015,0.0003047232166863978,0.0,0.0,0.2154393047094345,50.7457389831543
C:\Users\Noura\Desktop\ASU UNI TORTURE HELL FIRE\Senior 1\Sem 8\CV\Project\Coin-Counting-System\data\raw\146.jpg,130,688,64,64.0,12867.9638671875,402.1238708496094,0.9884970784187317,1.0,0.9962621927261353,14.953652381896973,143.57598876953125,77.18846130371094,0.5320454239845276,0.43976452946662903,0.0,0.0,0.0,0.0,0.00016582373064011335,0.0,0.0,8.291186532005668e-05,0.0013265898451209068,0.007130420301109552,0.007876627147197723,0.0027360916137695312,0.003565210150554776,0.005306359380483627,0.01077854260802269,0.01699693314731121,0.007462067995220423,0.00721333222463727,0.008374098688364029,0.010281071066856384,0.01285133883357048,0.0435287281870842,0.1871320754289627,0.47276344895362854,0.20421192049980164,0.01633363775908947,0.0014924135757610202,0.0004145593266002834,0.00016582373064011335,0.0,0.0,0.0,0.00016582373064011335,0.04759141057729721,0.6618854403495789,0.23513804376125336,0.03847110643982887,0.013597546145319939,0.0029848271515220404,0.00016582373064011335,0.0,0.0,0.0,0.0,0.0,0.0,0.030345741659402847,31.775798797607422
C:\Users\Noura\Desktop\ASU UNI TORTURE HELL FIRE\Senior 1\Sem 8\CV\Project\Coin-Counting-System\data\raw\146.jpg,199,464,72,72.0,16286.0166015625,452.38934326171875,0.9925456643104553,1.0,0.9979408979415894,9.880894660949707,152.6903076171875,78.4516372680664,0.9239575862884521,0.07604241371154785,0.0,0.0,0.0,0.0,0.0,0.0,0.0,0.0,0.0,0.0,0.0,0.0,0.0,0.0,0.0,0.0,0.0003252455499023199,0.001496129552833736,0.003577701048925519,0.008651532232761383,0.020880764350295067,0.07005789130926132,0.16249267756938934,0.35204580426216125,0.29037922620773315,0.07239966094493866,0.01405060850083828,0.0024718663189560175,0.0009106875513680279,0.0002601964515633881,0.0,0.0,0.0010407858062535524,0.10173681378364563,0.4606778025627136,0.3597216010093689,0.05958498641848564,0.012684577144682407,0.003577701048925519,0.0008456384530290961,0.00013009822578169405,0.0,0.0,0.0,0.0,0.0,0.12840694189071655,41.37563705444336
C:\Users\Noura\Desktop\ASU UNI TORTURE HELL FIRE\Senior 1\Sem 8\CV\Project\Coin-Counting-System\data\raw\146.jpg,529,533,73,73.0,16741.546875,458.6725158691406,0.995776891708374,1.0,1.0,12.619174003601074,142.61892700195312,111.97692108154297,0.14652501046657562,0.8534749746322632,0.0,0.0,0.0,0.0,0.0,0.0,0.0,0.0,0.0,0.0,0.0,0.0,0.0,0.0,0.0,0.0,0.0,0.0012647821567952633,0.010877126827836037,0.014228799380362034,0.014228799380362034,0.07860621064901352,0.38139504194259644,0.38892051577568054,0.09245557337999344,0.014228799380362034,0.0025295643135905266,0.0008853474864736199,0.00025295643717981875,0.00012647821858990937,0.0,0.0,0.0,0.00012647821858990937,0.006893062498420477,0.08676405251026154,0.42699044942855835,0.3592613637447357,0.09580724686384201,0.019983557984232903,0.0032884336542338133,0.0006956301513127983,0.00012647821858990937,0.0,0.0,6.323910929495469e-05,0.09568076580762863,38.13335418701172
C:\Users\Noura\Desktop\ASU UNI TORTURE HELL FIRE\Senior 1\Sem 8\CV\Project\Coin-Counting-System\data\raw\146.jpg,422,394,80,80.0,20106.193359375,502.6548156738281,0.9952563047409058,1.0,0.9988560676574707,9.637971878051758,158.05714416503906,113.76853942871094,0.9405515789985657,0.05944842845201492,0.0,0.0,0.0,0.0,0.0,0.0,0.0,0.0,0.0,0.0,0.0,0.0,0.0,0.0,0.0,0.0,0.0,0.0003663195238914341,0.001203621388413012,0.005704118404537439,0.018891621381044388,0.0645245686173439,0.16076193749904633,0.2744779884815216,0.2629650831222534,0.14155633747577667,0.04830184578895569,0.013344497419893742,0.004291171673685312,0.0036108640488237143,0.0,0.0,0.00031398815917782485,0.004500497132539749,0.07588047534227371,0.19399236142635345,0.254749059677124,0.1740017831325531,0.14119002223014832,0.0971793383359909,0.04149876907467842,0.01245486456900835,0.0027212307322770357,0.0008373017772100866,0.00031398815917782485,0.0003663195238914341,0.23078130185604095,74.5556411743164
C:\Users\Noura\Desktop\ASU UNI TORTURE HELL FIRE\Senior 1\Sem 8\CV\Project\Coin-Counting-System\data\raw\146.jpg,356,679,83,83.0,21642.431640625,521.50439453125,0.9935168623924255,1.0,0.9987030029296875,8.195261001586914,136.85272216796875,65.9772720336914,0.9741173982620239,0.025882581248879433,0.0,0.0,0.0,0.0,0.0,0.0,0.0,0.0,0.0,0.0,0.0,0.0,0.0,0.0,0.0,0.0,0.0005827223067171872,0.0014568057376891375,0.00859515368938446,0.03049580007791519,0.09532365202903748,0.20123343169689178,0.28582528233528137,0.2301267385482788,0.09478949010372162,0.03195260465145111,0.011071722954511642,0.005098820198327303,0.0018452872755005956,0.0016024862416088581,0.0,0.0003399213310331106,0.1164473369717598,0.4074685573577881,0.2740251421928406,0.13931918144226074,0.03996503725647926,0.014373816549777985,0.005293060559779406,0.0018452872755005956,0.0006312824552878737,0.0001456805766792968,4.856018858845346e-05,4.856018858845346e-05,4.856018858845346e-05,0.0,0.14257271587848663,55.953128814697266
C:\Users\Noura\Desktop\ASU UNI TORTURE HELL FIRE\Senior 1\Sem 8\CV\Project\Coin-Counting-System\data\raw\147.jpg,362,497,76,76.0,18145.83984375,477.5220947265625,0.9974105954170227,1.0,0.999778687953949,11.68673324584961,148.39126586914062,102.85057830810547,0.5141046047210693,0.4824056327342987,0.003315302776172757,0.00017448961443733424,0.0,0.0,0.0,0.0,0.0,0.0,0.0,0.0,0.0,0.0,0.0,0.0,0.0,0.0,0.0,0.0,0.0011051009641960263,0.013552026823163033,0.042226485908031464,0.11754783987998962,0.2275344580411911,0.29709765315055847,0.19618450105190277,0.0735182911157608,0.020357122644782066,0.006223462987691164,0.0024428546894341707,0.0022102019283920527,0.0,0.0,5.8163204812444746e-05,0.0026173442602157593,0.08166114240884781,0.3153027296066284,0.3112894892692566,0.18205083906650543,0.07218053936958313,0.025882625952363014,0.005758157465606928,0.0016285697929561138,0.0005816320772282779,0.0005234688287600875,0.00029081603861413896,0.00017448961443733424,0.1581457555294037,61.465538024902344
C:\Users\Noura\Desktop\ASU UNI TORTURE HELL FIRE\Senior 1\Sem 8\CV\Project\Coin-Counting-System\data\raw\148.jpg,389,516,58,58.0,10568.3173828125,364.42474365234375,0.9915351867675781,1.0,0.9979315400123596,5.5992889404296875,172.74037170410156,98.33123779296875,0.9983748197555542,0.0009141696500591934,0.0,0.0,0.0,0.0,0.0,0.0,0.0,0.0,0.0,0.0,0.0,0.0,0.0,0.0007110208389349282,0.0,0.0,0.0001015744055621326,0.0018283393001183867,0.0018283393001183867,0.002336211269721389,0.0034535296726971865,0.007313357200473547,0.026510918512940407,0.14738446474075317,0.3121381402015686,0.40406298637390137,0.07790756970643997,0.01442356500774622,0.0007110208389349282,0.0,0.0,0.0,0.0,0.0001015744055621326,0.07171152532100677,0.37887251377105713,0.37877094745635986,0.14179787039756775,0.023666836321353912,0.004367699380964041,0.0007110208389349282,0.0,0.0,0.0,0.0,0.0,0.049466732889413834,37.37727355957031
C:\Users\Noura\Desktop\ASU UNI TORTURE HELL FIRE\Senior 1\Sem 8\CV\Project\Coin-Counting-System\data\raw\149.jpg,374,545,66,66.0,13684.77734375,414.6902160644531,0.9914119243621826,1.0,0.997951090335846,11.062787055969238,163.8912353515625,103.10052490234375,0.6625690460205078,0.3373531401157379,7.780284795444459e-05,0.0,0.0,0.0,0.0,0.0,0.0,0.0,0.0,0.0,0.0,0.0,0.0,0.0,0.0,0.0,0.0,0.0,0.00015560569590888917,0.00186726835090667,0.00832490436732769,0.02077336050570011,0.07103399932384491,0.2646852731704712,0.4328950345516205,0.14222361147403717,0.03703415393829346,0.014082315377891064,0.004201353993266821,0.0027230996638536453,0.0,0.0,7.780284795444459e-05,0.0035011281725019217,0.03205477446317673,0.24220027029514313,0.5155216455459595,0.1641640067100525,0.021006768569350243,0.011670427396893501,0.005290593486279249,0.0025674940552562475,0.001400451292283833,0.0003890142252203077,0.00015560569590888917,0.0,0.09289660304784775,62.26203536987305
C:\Users\Noura\Desktop\ASU UNI TORTURE HELL FIRE\Senior 1\Sem 8\CV\Project\Coin-Counting-System\data\raw\150.jpg,394,583,97,97.0,29559.24609375,609.468994140625,0.9945671558380127,1.0,0.9985122084617615,20.52799415588379,102.65718841552734,98.68523406982422,0.8186981678009033,0.10209913551807404,0.001305344863794744,0.00014111836208030581,0.0,0.0,0.0,0.0,0.0,0.0,0.0,0.0,0.0,0.0,0.00021167754312045872,0.07754454016685486,0.0,0.000952548929490149,0.020779678598046303,0.16281531751155853,0.19968248903751373,0.09049215167760849,0.06124537065625191,0.0910213440656662,0.23820780217647552,0.10266360640525818,0.023460928350687027,0.006068089511245489,0.0016934203449636698,0.0004586346913129091,0.0002469571481924504,0.00021167754312045872,0.0,0.00021167754312045872,0.006985358893871307,0.09659551829099655,0.1729758381843567,0.2075498253107071,0.23372729122638702,0.13222791254520416,0.07366378605365753,0.03976009786128998,0.019192097708582878,0.00956076942384243,0.005009701941162348,0.0019756571855396032,0.0004586346913129091,0.00010583877156022936,0.12009172886610031,71.273193359375
